candidate,trades,trades_per_30d,end_rm,lowest_rm,max_drawdown_pct,min_month_trades,params
V6-0245,544,22.325581395348838,48.705900217978055,14.69683219125041,92.28235172210398,8,"{""body_min"": 0.55, ""excursion_atr"": 0.1, ""mode"": ""REVERSAL"", ""range_ratio_cut"": 1.0, ""retest_bars"": 4, ""sessions"": ""BOTH"", ""stop_buffer_atr"": 0.16, ""target_scheme"": ""FIXED2""}"
V6-0253,544,22.325581395348838,48.705900217978055,14.69683219125041,92.28235172210398,8,"{""body_min"": 0.55, ""excursion_atr"": 0.1, ""mode"": ""REVERSAL"", ""range_ratio_cut"": 1.0, ""retest_bars"": 8, ""sessions"": ""BOTH"", ""stop_buffer_atr"": 0.16, ""target_scheme"": ""FIXED2""}"
V6-0249,545,22.366621067031463,41.927724801637844,14.735984819560835,90.94729166281826,8,"{""body_min"": 0.55, ""excursion_atr"": 0.1, ""mode"": ""REVERSAL"", ""range_ratio_cut"": 1.0, ""retest_bars"": 8, ""sessions"": ""BOTH"", ""stop_buffer_atr"": 0.08, ""target_scheme"": ""FIXED2""}"
V6-0241,545,22.366621067031463,41.927724801637844,14.735984819560835,90.94729166281826,8,"{""body_min"": 0.55, ""excursion_atr"": 0.1, ""mode"": ""REVERSAL"", ""range_ratio_cut"": 1.0, ""retest_bars"": 4, ""sessions"": ""BOTH"", ""stop_buffer_atr"": 0.08, ""target_scheme"": ""FIXED2""}"
V6-1193,529,21.70998632010944,40.11544870609432,8.913628859718491,93.9331968312891,8,"{""body_min"": 0.4, ""excursion_atr"": 0.1, ""mode"": ""ADAPTIVE"", ""range_ratio_cut"": 0.8, ""retest_bars"": 8, ""sessions"": ""BOTH"", ""stop_buffer_atr"": 0.08, ""target_scheme"": ""FIXED2""}"
V6-1213,452,18.549931600547197,37.87842907129177,18.217090587339378,86.16110912591604,8,"{""body_min"": 0.55, ""excursion_atr"": 0.1, ""mode"": ""ADAPTIVE"", ""range_ratio_cut"": 0.8, ""retest_bars"": 8, ""sessions"": ""BOTH"", ""stop_buffer_atr"": 0.16, ""target_scheme"": ""FIXED2""}"
V6-1161,554,22.735978112175104,36.465616389894876,6.003547102310572,94.68276968692123,8,"{""body_min"": 0.4, ""excursion_atr"": 0.0, ""mode"": ""ADAPTIVE"", ""range_ratio_cut"": 0.8, ""retest_bars"": 8, ""sessions"": ""BOTH"", ""stop_buffer_atr"": 0.08, ""target_scheme"": ""FIXED2""}"
V6-1205,422,17.318741450068398,35.867035566054376,15.962991596022002,89.14576669046038,8,"{""body_min"": 0.55, ""excursion_atr"": 0.1, ""mode"": ""ADAPTIVE"", ""range_ratio_cut"": 0.8, ""retest_bars"": 4, ""sessions"": ""BOTH"", ""stop_buffer_atr"": 0.16, ""target_scheme"": ""FIXED2""}"
V6-1209,453,18.590971272229822,35.64412056297462,15.820853010012277,87.83246207056837,8,"{""body_min"": 0.55, ""excursion_atr"": 0.1, ""mode"": ""ADAPTIVE"", ""range_ratio_cut"": 0.8, ""retest_bars"": 8, ""sessions"": ""BOTH"", ""stop_buffer_atr"": 0.08, ""target_scheme"": ""FIXED2""}"
V6-1181,479,19.658002735978112,31.98304229476259,10.956025979356829,91.22131386097732,8,"{""body_min"": 0.55, ""excursion_atr"": 0.0, ""mode"": ""ADAPTIVE"", ""range_ratio_cut"": 0.8, ""retest_bars"": 8, ""sessions"": ""BOTH"", ""stop_buffer_atr"": 0.16, ""target_scheme"": ""FIXED2""}"
V6-1198,528,21.66894664842681,31.70665474583606,3.506904451961932,97.41463198499211,8,"{""body_min"": 0.4, ""excursion_atr"": 0.1, ""mode"": ""ADAPTIVE"", ""range_ratio_cut"": 0.8, ""retest_bars"": 8, ""sessions"": ""BOTH"", ""stop_buffer_atr"": 0.16, ""target_scheme"": ""FIXED3""}"
V6-1197,529,21.70998632010944,30.734553584668056,7.1628141243166,95.23865982143175,8,"{""body_min"": 0.4, ""excursion_atr"": 0.1, ""mode"": ""ADAPTIVE"", ""range_ratio_cut"": 0.8, ""retest_bars"": 8, ""sessions"": ""BOTH"", ""stop_buffer_atr"": 0.16, ""target_scheme"": ""FIXED2""}"
V6-1173,449,18.426812585499317,30.284701441493812,9.600377721995768,93.0470564069931,8,"{""body_min"": 0.55, ""excursion_atr"": 0.0, ""mode"": ""ADAPTIVE"", ""range_ratio_cut"": 0.8, ""retest_bars"": 4, ""sessions"": ""BOTH"", ""stop_buffer_atr"": 0.16, ""target_scheme"": ""FIXED2""}"
V6-1201,423,17.359781121751027,29.477454998620885,12.931574054477183,91.12445574032832,8,"{""body_min"": 0.55, ""excursion_atr"": 0.1, ""mode"": ""ADAPTIVE"", ""range_ratio_cut"": 0.8, ""retest_bars"": 4, ""sessions"": ""BOTH"", ""stop_buffer_atr"": 0.08, ""target_scheme"": ""FIXED2""}"
V6-1177,480,19.699042407660738,29.450545928591286,10.51365679337071,90.7645090428787,8,"{""body_min"": 0.55, ""excursion_atr"": 0.0, ""mode"": ""ADAPTIVE"", ""range_ratio_cut"": 0.8, ""retest_bars"": 8, ""sessions"": ""BOTH"", ""stop_buffer_atr"": 0.08, ""target_scheme"": ""FIXED2""}"
V6-1214,450,18.467852257181942,29.111520086935982,12.218159090696414,91.94789141458529,8,"{""body_min"": 0.55, ""excursion_atr"": 0.1, ""mode"": ""ADAPTIVE"", ""range_ratio_cut"": 0.8, ""retest_bars"": 8, ""sessions"": ""BOTH"", ""stop_buffer_atr"": 0.16, ""target_scheme"": ""FIXED3""}"
V6-0221,574,23.556771545827633,29.106238799755875,7.163136079621006,96.66097536588859,8,"{""body_min"": 0.55, ""excursion_atr"": 0.0, ""mode"": ""REVERSAL"", ""range_ratio_cut"": 1.0, ""retest_bars"": 8, ""sessions"": ""BOTH"", ""stop_buffer_atr"": 0.16, ""target_scheme"": ""FIXED2""}"
V6-0213,574,23.556771545827633,29.106238799755875,7.163136079621006,96.66097536588859,8,"{""body_min"": 0.55, ""excursion_atr"": 0.0, ""mode"": ""REVERSAL"", ""range_ratio_cut"": 1.0, ""retest_bars"": 4, ""sessions"": ""BOTH"", ""stop_buffer_atr"": 0.16, ""target_scheme"": ""FIXED2""}"
V6-1165,554,22.735978112175104,28.462000448919685,4.512581747651917,96.18124562463183,8,"{""body_min"": 0.4, ""excursion_atr"": 0.0, ""mode"": ""ADAPTIVE"", ""range_ratio_cut"": 0.8, ""retest_bars"": 8, ""sessions"": ""BOTH"", ""stop_buffer_atr"": 0.16, ""target_scheme"": ""FIXED2""}"
V6-1166,552,22.65389876880985,27.9110504163475,2.2612286418225063,98.33297191717983,8,"{""body_min"": 0.4, ""excursion_atr"": 0.0, ""mode"": ""ADAPTIVE"", ""range_ratio_cut"": 0.8, ""retest_bars"": 8, ""sessions"": ""BOTH"", ""stop_buffer_atr"": 0.16, ""target_scheme"": ""FIXED3""}"
V6-1153,523,21.46374829001368,27.334483708388706,4.976007478603782,95.59284247255168,8,"{""body_min"": 0.4, ""excursion_atr"": 0.0, ""mode"": ""ADAPTIVE"", ""range_ratio_cut"": 0.8, ""retest_bars"": 4, ""sessions"": ""BOTH"", ""stop_buffer_atr"": 0.08, ""target_scheme"": ""FIXED2""}"
V6-1182,477,19.57592339261286,26.176282206951857,8.997501141096684,94.18319823715848,8,"{""body_min"": 0.55, ""excursion_atr"": 0.0, ""mode"": ""ADAPTIVE"", ""range_ratio_cut"": 0.8, ""retest_bars"": 8, ""sessions"": ""BOTH"", ""stop_buffer_atr"": 0.16, ""target_scheme"": ""FIXED3""}"
V6-1185,498,20.437756497948016,25.917740766072093,5.727610888509426,95.95758584738957,8,"{""body_min"": 0.4, ""excursion_atr"": 0.1, ""mode"": ""ADAPTIVE"", ""range_ratio_cut"": 0.8, ""retest_bars"": 4, ""sessions"": ""BOTH"", ""stop_buffer_atr"": 0.08, ""target_scheme"": ""FIXED2""}"
V6-0209,575,23.59781121751026,24.417438472224514,7.589817301385494,95.84367139885227,8,"{""body_min"": 0.55, ""excursion_atr"": 0.0, ""mode"": ""REVERSAL"", ""range_ratio_cut"": 1.0, ""retest_bars"": 4, ""sessions"": ""BOTH"", ""stop_buffer_atr"": 0.08, ""target_scheme"": ""FIXED2""}"
V6-0217,575,23.59781121751026,24.417438472224514,7.589817301385494,95.84367139885227,8,"{""body_min"": 0.55, ""excursion_atr"": 0.0, ""mode"": ""REVERSAL"", ""range_ratio_cut"": 1.0, ""retest_bars"": 8, ""sessions"": ""BOTH"", ""stop_buffer_atr"": 0.08, ""target_scheme"": ""FIXED2""}"
V6-1162,553,22.694938440492475,24.368425334174024,2.1079597502184377,98.4383075610818,8,"{""body_min"": 0.4, ""excursion_atr"": 0.0, ""mode"": ""ADAPTIVE"", ""range_ratio_cut"": 0.8, ""retest_bars"": 8, ""sessions"": ""BOTH"", ""stop_buffer_atr"": 0.08, ""target_scheme"": ""FIXED3""}"
V6-1169,450,18.467852257181942,24.35540921148821,8.656941409516257,92.43097758135914,8,"{""body_min"": 0.55, ""excursion_atr"": 0.0, ""mode"": ""ADAPTIVE"", ""range_ratio_cut"": 0.8, ""retest_bars"": 4, ""sessions"": ""BOTH"", ""stop_buffer_atr"": 0.08, ""target_scheme"": ""FIXED2""}"
V6-1194,529,21.70998632010944,22.547933356764773,2.742405758060813,97.9682750885706,8,"{""body_min"": 0.4, ""excursion_atr"": 0.1, ""mode"": ""ADAPTIVE"", ""range_ratio_cut"": 0.8, ""retest_bars"": 8, ""sessions"": ""BOTH"", ""stop_buffer_atr"": 0.08, ""target_scheme"": ""FIXED3""}"
V6-0242,545,22.366621067031463,21.275308448994956,7.111302695443681,96.23858761224686,8,"{""body_min"": 0.55, ""excursion_atr"": 0.1, ""mode"": ""REVERSAL"", ""range_ratio_cut"": 1.0, ""retest_bars"": 4, ""sessions"": ""BOTH"", ""stop_buffer_atr"": 0.08, ""target_scheme"": ""FIXED3""}"
V6-0250,545,22.366621067031463,21.275308448994956,7.111302695443681,96.23858761224686,8,"{""body_min"": 0.55, ""excursion_atr"": 0.1, ""mode"": ""REVERSAL"", ""range_ratio_cut"": 1.0, ""retest_bars"": 8, ""sessions"": ""BOTH"", ""stop_buffer_atr"": 0.08, ""target_scheme"": ""FIXED3""}"
V6-1157,523,21.46374829001368,21.08104920840021,3.722032315278588,96.76786561244894,8,"{""body_min"": 0.4, ""excursion_atr"": 0.0, ""mode"": ""ADAPTIVE"", ""range_ratio_cut"": 0.8, ""retest_bars"": 4, ""sessions"": ""BOTH"", ""stop_buffer_atr"": 0.16, ""target_scheme"": ""FIXED2""}"
V6-1168,552,22.65389876880985,21.033699981885697,1.6230275651293677,98.39462266420318,8,"{""body_min"": 0.4, ""excursion_atr"": 0.0, ""mode"": ""ADAPTIVE"", ""range_ratio_cut"": 0.8, ""retest_bars"": 8, ""sessions"": ""BOTH"", ""stop_buffer_atr"": 0.16, ""target_scheme"": ""DYNAMIC""}"
V6-1216,449,18.426812585499317,20.600592293536,4.907405188138295,96.1077299331391,8,"{""body_min"": 0.55, ""excursion_atr"": 0.1, ""mode"": ""ADAPTIVE"", ""range_ratio_cut"": 0.8, ""retest_bars"": 8, ""sessions"": ""BOTH"", ""stop_buffer_atr"": 0.16, ""target_scheme"": ""DYNAMIC""}"
V6-1210,452,18.549931600547197,20.590106906027973,9.35959469357883,92.7935400421079,8,"{""body_min"": 0.55, ""excursion_atr"": 0.1, ""mode"": ""ADAPTIVE"", ""range_ratio_cut"": 0.8, ""retest_bars"": 8, ""sessions"": ""BOTH"", ""stop_buffer_atr"": 0.08, ""target_scheme"": ""FIXED3""}"
V6-1200,527,21.627906976744185,20.326209456357493,2.0431184431785185,98.24061446950377,8,"{""body_min"": 0.4, ""excursion_atr"": 0.1, ""mode"": ""ADAPTIVE"", ""range_ratio_cut"": 0.8, ""retest_bars"": 8, ""sessions"": ""BOTH"", ""stop_buffer_atr"": 0.16, ""target_scheme"": ""DYNAMIC""}"
V6-1189,498,20.437756497948016,19.623610486080057,4.6168268459032085,96.8088112177723,8,"{""body_min"": 0.4, ""excursion_atr"": 0.1, ""mode"": ""ADAPTIVE"", ""range_ratio_cut"": 0.8, ""retest_bars"": 4, ""sessions"": ""BOTH"", ""stop_buffer_atr"": 0.16, ""target_scheme"": ""FIXED2""}"
V6-1184,476,19.53488372093023,19.287112149708772,4.110196866040497,96.65544677528375,8,"{""body_min"": 0.55, ""excursion_atr"": 0.0, ""mode"": ""ADAPTIVE"", ""range_ratio_cut"": 0.8, ""retest_bars"": 8, ""sessions"": ""BOTH"", ""stop_buffer_atr"": 0.16, ""target_scheme"": ""DYNAMIC""}"
V6-1206,421,17.277701778385772,18.4309242755998,6.326569760922406,95.9182416773634,8,"{""body_min"": 0.55, ""excursion_atr"": 0.1, ""mode"": ""ADAPTIVE"", ""range_ratio_cut"": 0.8, ""retest_bars"": 4, ""sessions"": ""BOTH"", ""stop_buffer_atr"": 0.16, ""target_scheme"": ""FIXED3""}"
V6-1178,479,19.658002735978112,18.23281109568675,6.821198393525254,94.99505222130928,8,"{""body_min"": 0.55, ""excursion_atr"": 0.0, ""mode"": ""ADAPTIVE"", ""range_ratio_cut"": 0.8, ""retest_bars"": 8, ""sessions"": ""BOTH"", ""stop_buffer_atr"": 0.08, ""target_scheme"": ""FIXED3""}"
V6-1174,448,18.38577291381669,16.572582734680495,4.658911233728462,97.05135881430952,8,"{""body_min"": 0.55, ""excursion_atr"": 0.0, ""mode"": ""ADAPTIVE"", ""range_ratio_cut"": 0.8, ""retest_bars"": 4, ""sessions"": ""BOTH"", ""stop_buffer_atr"": 0.16, ""target_scheme"": ""FIXED3""}"
V6-1202,423,17.359781121751027,15.984181569393932,5.927973573698272,95.54471756804348,8,"{""body_min"": 0.55, ""excursion_atr"": 0.1, ""mode"": ""ADAPTIVE"", ""range_ratio_cut"": 0.8, ""retest_bars"": 4, ""sessions"": ""BOTH"", ""stop_buffer_atr"": 0.08, ""target_scheme"": ""FIXED3""}"
V6-1158,521,21.38166894664843,14.802166963157347,1.1859863141798574,99.12566449274021,8,"{""body_min"": 0.4, ""excursion_atr"": 0.0, ""mode"": ""ADAPTIVE"", ""range_ratio_cut"": 0.8, ""retest_bars"": 4, ""sessions"": ""BOTH"", ""stop_buffer_atr"": 0.16, ""target_scheme"": ""FIXED3""}"
V6-1154,522,21.422708618331054,14.3510867941031,1.1648932938600018,99.1369830239979,8,"{""body_min"": 0.4, ""excursion_atr"": 0.0, ""mode"": ""ADAPTIVE"", ""range_ratio_cut"": 0.8, ""retest_bars"": 4, ""sessions"": ""BOTH"", ""stop_buffer_atr"": 0.08, ""target_scheme"": ""FIXED3""}"
V6-1170,450,18.467852257181942,14.154203492192481,4.3202601332205095,96.9779785501467,8,"{""body_min"": 0.55, ""excursion_atr"": 0.0, ""mode"": ""ADAPTIVE"", ""range_ratio_cut"": 0.8, ""retest_bars"": 4, ""sessions"": ""BOTH"", ""stop_buffer_atr"": 0.08, ""target_scheme"": ""FIXED3""}"
V6-1215,449,18.426812585499317,14.03632415382556,3.3831578217673144,97.74362721235407,8,"{""body_min"": 0.55, ""excursion_atr"": 0.1, ""mode"": ""ADAPTIVE"", ""range_ratio_cut"": 0.8, ""retest_bars"": 8, ""sessions"": ""BOTH"", ""stop_buffer_atr"": 0.16, ""target_scheme"": ""FIXED4""}"
V6-1190,497,20.39671682626539,13.862349806188588,1.5247891249701482,98.87589151990605,8,"{""body_min"": 0.4, ""excursion_atr"": 0.1, ""mode"": ""ADAPTIVE"", ""range_ratio_cut"": 0.8, ""retest_bars"": 4, ""sessions"": ""BOTH"", ""stop_buffer_atr"": 0.16, ""target_scheme"": ""FIXED3""}"
V6-0254,544,22.325581395348838,13.469530716145263,5.293032602711357,97.22146031246868,8,"{""body_min"": 0.55, ""excursion_atr"": 0.1, ""mode"": ""REVERSAL"", ""range_ratio_cut"": 1.0, ""retest_bars"": 8, ""sessions"": ""BOTH"", ""stop_buffer_atr"": 0.16, ""target_scheme"": ""FIXED3""}"
V6-0246,544,22.325581395348838,13.469530716145263,5.293032602711357,97.22146031246868,8,"{""body_min"": 0.55, ""excursion_atr"": 0.1, ""mode"": ""REVERSAL"", ""range_ratio_cut"": 1.0, ""retest_bars"": 4, ""sessions"": ""BOTH"", ""stop_buffer_atr"": 0.16, ""target_scheme"": ""FIXED3""}"
V6-1183,476,19.53488372093023,13.43731788813554,2.6911367106118806,97.8649784859581,8,"{""body_min"": 0.55, ""excursion_atr"": 0.0, ""mode"": ""ADAPTIVE"", ""range_ratio_cut"": 0.8, ""retest_bars"": 8, ""sessions"": ""BOTH"", ""stop_buffer_atr"": 0.16, ""target_scheme"": ""FIXED4""}"
V6-1208,420,17.236662106703147,13.384000001847545,2.723873735221766,98.10020177039405,8,"{""body_min"": 0.55, ""excursion_atr"": 0.1, ""mode"": ""ADAPTIVE"", ""range_ratio_cut"": 0.8, ""retest_bars"": 4, ""sessions"": ""BOTH"", ""stop_buffer_atr"": 0.16, ""target_scheme"": ""DYNAMIC""}"
V6-0233,620,25.444596443228455,13.205627394198647,5.574558268444695,97.20370342674536,8,"{""body_min"": 0.4, ""excursion_atr"": 0.1, ""mode"": ""REVERSAL"", ""range_ratio_cut"": 1.0, ""retest_bars"": 8, ""sessions"": ""BOTH"", ""stop_buffer_atr"": 0.08, ""target_scheme"": ""FIXED2""}"
V6-0225,620,25.444596443228455,13.205627394198647,5.574558268444695,97.20370342674536,8,"{""body_min"": 0.4, ""excursion_atr"": 0.1, ""mode"": ""REVERSAL"", ""range_ratio_cut"": 1.0, ""retest_bars"": 4, ""sessions"": ""BOTH"", ""stop_buffer_atr"": 0.08, ""target_scheme"": ""FIXED2""}"
V6-0193,641,26.30642954856361,12.862893301794173,3.736810394971431,98.12237750674586,8,"{""body_min"": 0.4, ""excursion_atr"": 0.0, ""mode"": ""REVERSAL"", ""range_ratio_cut"": 1.0, ""retest_bars"": 4, ""sessions"": ""BOTH"", ""stop_buffer_atr"": 0.08, ""target_scheme"": ""FIXED2""}"
V6-0201,641,26.30642954856361,12.862893301794173,3.736810394971431,98.12237750674586,8,"{""body_min"": 0.4, ""excursion_atr"": 0.0, ""mode"": ""REVERSAL"", ""range_ratio_cut"": 1.0, ""retest_bars"": 8, ""sessions"": ""BOTH"", ""stop_buffer_atr"": 0.08, ""target_scheme"": ""FIXED2""}"
V6-0218,575,23.59781121751026,12.701178963659068,2.956764484394303,98.72873639711624,8,"{""body_min"": 0.55, ""excursion_atr"": 0.0, ""mode"": ""REVERSAL"", ""range_ratio_cut"": 1.0, ""retest_bars"": 8, ""sessions"": ""BOTH"", ""stop_buffer_atr"": 0.08, ""target_scheme"": ""FIXED3""}"
V6-0210,575,23.59781121751026,12.701178963659068,2.956764484394303,98.72873639711624,8,"{""body_min"": 0.55, ""excursion_atr"": 0.0, ""mode"": ""REVERSAL"", ""range_ratio_cut"": 1.0, ""retest_bars"": 4, ""sessions"": ""BOTH"", ""stop_buffer_atr"": 0.08, ""target_scheme"": ""FIXED3""}"
V6-1176,447,18.344733242134062,12.53064501103367,2.2813802530631806,98.3675397169284,8,"{""body_min"": 0.55, ""excursion_atr"": 0.0, ""mode"": ""ADAPTIVE"", ""range_ratio_cut"": 0.8, ""retest_bars"": 4, ""sessions"": ""BOTH"", ""stop_buffer_atr"": 0.16, ""target_scheme"": ""DYNAMIC""}"
V6-1160,521,21.38166894664843,12.364096589201987,0.9828964833801578,99.08116600182859,8,"{""body_min"": 0.4, ""excursion_atr"": 0.0, ""mode"": ""ADAPTIVE"", ""range_ratio_cut"": 0.8, ""retest_bars"": 4, ""sessions"": ""BOTH"", ""stop_buffer_atr"": 0.16, ""target_scheme"": ""DYNAMIC""}"
V6-0256,543,22.284541723666212,12.20391163049256,1.8149717297939008,98.82000856166422,8,"{""body_min"": 0.55, ""excursion_atr"": 0.1, ""mode"": ""REVERSAL"", ""range_ratio_cut"": 1.0, ""retest_bars"": 8, ""sessions"": ""BOTH"", ""stop_buffer_atr"": 0.16, ""target_scheme"": ""DYNAMIC""}"
V6-0248,543,22.284541723666212,12.20391163049256,1.8149717297939008,98.82000856166422,8,"{""body_min"": 0.55, ""excursion_atr"": 0.1, ""mode"": ""REVERSAL"", ""range_ratio_cut"": 1.0, ""retest_bars"": 4, ""sessions"": ""BOTH"", ""stop_buffer_atr"": 0.16, ""target_scheme"": ""DYNAMIC""}"
V6-0202,641,26.30642954856361,12.113881652619087,1.5046747772943057,99.2485885744524,8,"{""body_min"": 0.4, ""excursion_atr"": 0.0, ""mode"": ""REVERSAL"", ""range_ratio_cut"": 1.0, ""retest_bars"": 8, ""sessions"": ""BOTH"", ""stop_buffer_atr"": 0.08, ""target_scheme"": ""FIXED3""}"
V6-0194,641,26.30642954856361,12.113881652619087,1.5046747772943057,99.2485885744524,8,"{""body_min"": 0.4, ""excursion_atr"": 0.0, ""mode"": ""REVERSAL"", ""range_ratio_cut"": 1.0, ""retest_bars"": 4, ""sessions"": ""BOTH"", ""stop_buffer_atr"": 0.08, ""target_scheme"": ""FIXED3""}"
V6-1164,552,22.65389876880985,10.948165195138278,0.8099454717803398,99.19623140283248,8,"{""body_min"": 0.4, ""excursion_atr"": 0.0, ""mode"": ""ADAPTIVE"", ""range_ratio_cut"": 0.8, ""retest_bars"": 8, ""sessions"": ""BOTH"", ""stop_buffer_atr"": 0.08, ""target_scheme"": ""DYNAMIC""}"
V6-1186,498,20.437756497948016,10.945378867730549,1.2522164514135739,99.07228922949838,8,"{""body_min"": 0.4, ""excursion_atr"": 0.1, ""mode"": ""ADAPTIVE"", ""range_ratio_cut"": 0.8, ""retest_bars"": 4, ""sessions"": ""BOTH"", ""stop_buffer_atr"": 0.08, ""target_scheme"": ""FIXED3""}"
V6-0234,620,25.444596443228455,9.540721906521387,1.9166319303286803,99.04286351260035,8,"{""body_min"": 0.4, ""excursion_atr"": 0.1, ""mode"": ""REVERSAL"", ""range_ratio_cut"": 1.0, ""retest_bars"": 8, ""sessions"": ""BOTH"", ""stop_buffer_atr"": 0.08, ""target_scheme"": ""FIXED3""}"
V6-0226,620,25.444596443228455,9.540721906521387,1.9166319303286803,99.04286351260035,8,"{""body_min"": 0.4, ""excursion_atr"": 0.1, ""mode"": ""REVERSAL"", ""range_ratio_cut"": 1.0, ""retest_bars"": 4, ""sessions"": ""BOTH"", ""stop_buffer_atr"": 0.08, ""target_scheme"": ""FIXED3""}"
V6-1192,496,20.355677154582764,9.438026441813905,0.9828038489313272,99.17819130841741,8,"{""body_min"": 0.4, ""excursion_atr"": 0.1, ""mode"": ""ADAPTIVE"", ""range_ratio_cut"": 0.8, ""retest_bars"": 4, ""sessions"": ""BOTH"", ""stop_buffer_atr"": 0.16, ""target_scheme"": ""DYNAMIC""}"
V6-1196,527,21.627906976744185,9.280967420105487,0.891644336841403,99.11515559656125,8,"{""body_min"": 0.4, ""excursion_atr"": 0.1, ""mode"": ""ADAPTIVE"", ""range_ratio_cut"": 0.8, ""retest_bars"": 8, ""sessions"": ""BOTH"", ""stop_buffer_atr"": 0.08, ""target_scheme"": ""DYNAMIC""}"
V6-0222,574,23.556771545827633,9.039278007245965,2.456754423859919,98.9532162717018,8,"{""body_min"": 0.55, ""excursion_atr"": 0.0, ""mode"": ""REVERSAL"", ""range_ratio_cut"": 1.0, ""retest_bars"": 8, ""sessions"": ""BOTH"", ""stop_buffer_atr"": 0.16, ""target_scheme"": ""FIXED3""}"
V6-0214,574,23.556771545827633,9.039278007245965,2.456754423859919,98.9532162717018,8,"{""body_min"": 0.55, ""excursion_atr"": 0.0, ""mode"": ""REVERSAL"", ""range_ratio_cut"": 1.0, ""retest_bars"": 4, ""sessions"": ""BOTH"", ""stop_buffer_atr"": 0.16, ""target_scheme"": ""FIXED3""}"
V6-1207,420,17.236662106703147,8.934494496423023,1.8397876006894434,98.8218983653397,8,"{""body_min"": 0.55, ""excursion_atr"": 0.1, ""mode"": ""ADAPTIVE"", ""range_ratio_cut"": 0.8, ""retest_bars"": 4, ""sessions"": ""BOTH"", ""stop_buffer_atr"": 0.16, ""target_scheme"": ""FIXED4""}"
V6-1175,447,18.344733242134062,8.553211040335851,1.463461125014122,98.88525852221792,8,"{""body_min"": 0.55, ""excursion_atr"": 0.0, ""mode"": ""ADAPTIVE"", ""range_ratio_cut"": 0.8, ""retest_bars"": 4, ""sessions"": ""BOTH"", ""stop_buffer_atr"": 0.16, ""target_scheme"": ""FIXED4""}"
V6-0255,543,22.284541723666212,8.172187796831874,1.372479678754531,99.15249666904523,8,"{""body_min"": 0.55, ""excursion_atr"": 0.1, ""mode"": ""REVERSAL"", ""range_ratio_cut"": 1.0, ""retest_bars"": 8, ""sessions"": ""BOTH"", ""stop_buffer_atr"": 0.16, ""target_scheme"": ""FIXED4""}"
V6-0247,543,22.284541723666212,8.172187796831874,1.372479678754531,99.15249666904523,8,"{""body_min"": 0.55, ""excursion_atr"": 0.1, ""mode"": ""REVERSAL"", ""range_ratio_cut"": 1.0, ""retest_bars"": 4, ""sessions"": ""BOTH"", ""stop_buffer_atr"": 0.16, ""target_scheme"": ""FIXED4""}"
V6-1156,521,21.38166894664843,7.8655216317936985,0.5664424806883368,99.43787737083314,8,"{""body_min"": 0.4, ""excursion_atr"": 0.0, ""mode"": ""ADAPTIVE"", ""range_ratio_cut"": 0.8, ""retest_bars"": 4, ""sessions"": ""BOTH"", ""stop_buffer_atr"": 0.08, ""target_scheme"": ""DYNAMIC""}"
V6-1180,477,19.57592339261286,7.693458309588559,1.6261198885987764,98.57778227965034,8,"{""body_min"": 0.55, ""excursion_atr"": 0.0, ""mode"": ""ADAPTIVE"", ""range_ratio_cut"": 0.8, ""retest_bars"": 8, ""sessions"": ""BOTH"", ""stop_buffer_atr"": 0.08, ""target_scheme"": ""DYNAMIC""}"
V6-0224,573,23.515731874145008,7.4734151459204625,0.9064938691200718,99.4738196547348,8,"{""body_min"": 0.55, ""excursion_atr"": 0.0, ""mode"": ""REVERSAL"", ""range_ratio_cut"": 1.0, ""retest_bars"": 8, ""sessions"": ""BOTH"", ""stop_buffer_atr"": 0.16, ""target_scheme"": ""DYNAMIC""}"
V6-0216,573,23.515731874145008,7.4734151459204625,0.9064938691200718,99.4738196547348,8,"{""body_min"": 0.55, ""excursion_atr"": 0.0, ""mode"": ""REVERSAL"", ""range_ratio_cut"": 1.0, ""retest_bars"": 4, ""sessions"": ""BOTH"", ""stop_buffer_atr"": 0.16, ""target_scheme"": ""DYNAMIC""}"
V6-1212,450,18.467852257181942,7.197331032186333,1.694976044801697,98.46815860708396,8,"{""body_min"": 0.55, ""excursion_atr"": 0.1, ""mode"": ""ADAPTIVE"", ""range_ratio_cut"": 0.8, ""retest_bars"": 8, ""sessions"": ""BOTH"", ""stop_buffer_atr"": 0.08, ""target_scheme"": ""DYNAMIC""}"
V6-0229,620,25.444596443228455,7.186828182530549,3.333520440641174,98.39651562659301,8,"{""body_min"": 0.4, ""excursion_atr"": 0.1, ""mode"": ""REVERSAL"", ""range_ratio_cut"": 1.0, ""retest_bars"": 4, ""sessions"": ""BOTH"", ""stop_buffer_atr"": 0.16, ""target_scheme"": ""FIXED2""}"
V6-0237,620,25.444596443228455,7.186828182530549,3.333520440641174,98.39651562659301,8,"{""body_min"": 0.4, ""excursion_atr"": 0.1, ""mode"": ""REVERSAL"", ""range_ratio_cut"": 1.0, ""retest_bars"": 8, ""sessions"": ""BOTH"", ""stop_buffer_atr"": 0.16, ""target_scheme"": ""FIXED2""}"
V6-0205,641,26.30642954856361,7.129937844316964,2.2687837770849186,98.90867345859287,8,"{""body_min"": 0.4, ""excursion_atr"": 0.0, ""mode"": ""REVERSAL"", ""range_ratio_cut"": 1.0, ""retest_bars"": 8, ""sessions"": ""BOTH"", ""stop_buffer_atr"": 0.16, ""target_scheme"": ""FIXED2""}"
V6-0197,641,26.30642954856361,7.129937844316964,2.2687837770849186,98.90867345859287,8,"{""body_min"": 0.4, ""excursion_atr"": 0.0, ""mode"": ""REVERSAL"", ""range_ratio_cut"": 1.0, ""retest_bars"": 4, ""sessions"": ""BOTH"", ""stop_buffer_atr"": 0.16, ""target_scheme"": ""FIXED2""}"
V6-1167,549,22.53077975376197,6.296451235992761,0.6906838844724562,99.3805109841577,8,"{""body_min"": 0.4, ""excursion_atr"": 0.0, ""mode"": ""ADAPTIVE"", ""range_ratio_cut"": 0.8, ""retest_bars"": 8, ""sessions"": ""BOTH"", ""stop_buffer_atr"": 0.16, ""target_scheme"": ""FIXED4""}"
V6-1172,448,18.38577291381669,6.105839978497997,1.1001566747248357,99.09311474548993,8,"{""body_min"": 0.55, ""excursion_atr"": 0.0, ""mode"": ""ADAPTIVE"", ""range_ratio_cut"": 0.8, ""retest_bars"": 4, ""sessions"": ""BOTH"", ""stop_buffer_atr"": 0.08, ""target_scheme"": ""DYNAMIC""}"
V6-0223,573,23.515731874145008,5.8394323797835685,0.6836022666435749,99.58213927602556,8,"{""body_min"": 0.55, ""excursion_atr"": 0.0, ""mode"": ""REVERSAL"", ""range_ratio_cut"": 1.0, ""retest_bars"": 8, ""sessions"": ""BOTH"", ""stop_buffer_atr"": 0.16, ""target_scheme"": ""FIXED4""}"
V6-0215,573,23.515731874145008,5.8394323797835685,0.6836022666435749,99.58213927602556,8,"{""body_min"": 0.55, ""excursion_atr"": 0.0, ""mode"": ""REVERSAL"", ""range_ratio_cut"": 1.0, ""retest_bars"": 4, ""sessions"": ""BOTH"", ""stop_buffer_atr"": 0.16, ""target_scheme"": ""FIXED4""}"
V6-1204,421,17.277701778385772,5.712093285803186,1.1467415301058324,99.06960406433998,8,"{""body_min"": 0.55, ""excursion_atr"": 0.1, ""mode"": ""ADAPTIVE"", ""range_ratio_cut"": 0.8, ""retest_bars"": 4, ""sessions"": ""BOTH"", ""stop_buffer_atr"": 0.08, ""target_scheme"": ""DYNAMIC""}"
V6-1199,525,21.545827633378934,5.541123905274319,0.7425876634452823,99.40315225142386,8,"{""body_min"": 0.4, ""excursion_atr"": 0.1, ""mode"": ""ADAPTIVE"", ""range_ratio_cut"": 0.8, ""retest_bars"": 8, ""sessions"": ""BOTH"", ""stop_buffer_atr"": 0.16, ""target_scheme"": ""FIXED4""}"
V6-1211,450,18.467852257181942,5.478082876086479,1.243435804291454,98.99411742896685,8,"{""body_min"": 0.55, ""excursion_atr"": 0.1, ""mode"": ""ADAPTIVE"", ""range_ratio_cut"": 0.8, ""retest_bars"": 8, ""sessions"": ""BOTH"", ""stop_buffer_atr"": 0.08, ""target_scheme"": ""FIXED4""}"
V6-0198,641,26.30642954856361,5.308681710641681,1.1297653464714004,99.4531537162964,8,"{""body_min"": 0.4, ""excursion_atr"": 0.0, ""mode"": ""REVERSAL"", ""range_ratio_cut"": 1.0, ""retest_bars"": 4, ""sessions"": ""BOTH"", ""stop_buffer_atr"": 0.16, ""target_scheme"": ""FIXED3""}"
V6-0206,641,26.30642954856361,5.308681710641681,1.1297653464714004,99.4531537162964,8,"{""body_min"": 0.4, ""excursion_atr"": 0.0, ""mode"": ""REVERSAL"", ""range_ratio_cut"": 1.0, ""retest_bars"": 8, ""sessions"": ""BOTH"", ""stop_buffer_atr"": 0.16, ""target_scheme"": ""FIXED3""}"
V6-1188,496,20.355677154582764,5.266034302196239,0.49574528822525826,99.54967840132912,8,"{""body_min"": 0.4, ""excursion_atr"": 0.1, ""mode"": ""ADAPTIVE"", ""range_ratio_cut"": 0.8, ""retest_bars"": 4, ""sessions"": ""BOTH"", ""stop_buffer_atr"": 0.08, ""target_scheme"": ""DYNAMIC""}"
V6-1179,477,19.57592339261286,5.120914175176644,1.0491646621181216,98.98887927305098,8,"{""body_min"": 0.55, ""excursion_atr"": 0.0, ""mode"": ""ADAPTIVE"", ""range_ratio_cut"": 0.8, ""retest_bars"": 8, ""sessions"": ""BOTH"", ""stop_buffer_atr"": 0.08, ""target_scheme"": ""FIXED4""}"
V6-0238,620,25.444596443228455,4.656293555705158,1.5666602159712668,99.24168118662341,8,"{""body_min"": 0.4, ""excursion_atr"": 0.1, ""mode"": ""REVERSAL"", ""range_ratio_cut"": 1.0, ""retest_bars"": 8, ""sessions"": ""BOTH"", ""stop_buffer_atr"": 0.16, ""target_scheme"": ""FIXED3""}"
V6-0230,620,25.444596443228455,4.656293555705158,1.5666602159712668,99.24168118662341,8,"{""body_min"": 0.4, ""excursion_atr"": 0.1, ""mode"": ""REVERSAL"", ""range_ratio_cut"": 1.0, ""retest_bars"": 4, ""sessions"": ""BOTH"", ""stop_buffer_atr"": 0.16, ""target_scheme"": ""FIXED3""}"
V6-1203,421,17.277701778385772,4.436302089274581,0.8584085703696739,99.33265986770552,8,"{""body_min"": 0.55, ""excursion_atr"": 0.1, ""mode"": ""ADAPTIVE"", ""range_ratio_cut"": 0.8, ""retest_bars"": 4, ""sessions"": ""BOTH"", ""stop_buffer_atr"": 0.08, ""target_scheme"": ""FIXED4""}"
V6-1171,448,18.38577291381669,4.1470570577715655,0.7242930713294005,99.33661667446327,8,"{""body_min"": 0.55, ""excursion_atr"": 0.0, ""mode"": ""ADAPTIVE"", ""range_ratio_cut"": 0.8, ""retest_bars"": 4, ""sessions"": ""BOTH"", ""stop_buffer_atr"": 0.08, ""target_scheme"": ""FIXED4""}"
V6-0244,544,22.325581395348838,3.5933107725026465,0.8230897111255779,99.45782504629513,8,"{""body_min"": 0.55, ""excursion_atr"": 0.1, ""mode"": ""REVERSAL"", ""range_ratio_cut"": 1.0, ""retest_bars"": 4, ""sessions"": ""BOTH"", ""stop_buffer_atr"": 0.08, ""target_scheme"": ""DYNAMIC""}"
V6-0252,544,22.325581395348838,3.5933107725026465,0.8230897111255779,99.45782504629513,8,"{""body_min"": 0.55, ""excursion_atr"": 0.1, ""mode"": ""REVERSAL"", ""range_ratio_cut"": 1.0, ""retest_bars"": 8, ""sessions"": ""BOTH"", ""stop_buffer_atr"": 0.08, ""target_scheme"": ""DYNAMIC""}"
V6-0200,640,26.265389876880985,3.483613228279023,0.4860716035277295,99.73297713621932,8,"{""body_min"": 0.4, ""excursion_atr"": 0.0, ""mode"": ""REVERSAL"", ""range_ratio_cut"": 1.0, ""retest_bars"": 4, ""sessions"": ""BOTH"", ""stop_buffer_atr"": 0.16, ""target_scheme"": ""DYNAMIC""}"
V6-0208,640,26.265389876880985,3.483613228279023,0.4860716035277295,99.73297713621932,8,"{""body_min"": 0.4, ""excursion_atr"": 0.0, ""mode"": ""REVERSAL"", ""range_ratio_cut"": 1.0, ""retest_bars"": 8, ""sessions"": ""BOTH"", ""stop_buffer_atr"": 0.16, ""target_scheme"": ""DYNAMIC""}"
V6-1159,518,21.258549931600548,3.2176254083224207,0.3981850081168527,99.63909979027747,8,"{""body_min"": 0.4, ""excursion_atr"": 0.0, ""mode"": ""ADAPTIVE"", ""range_ratio_cut"": 0.8, ""retest_bars"": 4, ""sessions"": ""BOTH"", ""stop_buffer_atr"": 0.16, ""target_scheme"": ""FIXED4""}"
V6-1163,549,22.53077975376197,3.16865158101922,0.21720800255502065,99.80248781471613,8,"{""body_min"": 0.4, ""excursion_atr"": 0.0, ""mode"": ""ADAPTIVE"", ""range_ratio_cut"": 0.8, ""retest_bars"": 8, ""sessions"": ""BOTH"", ""stop_buffer_atr"": 0.08, ""target_scheme"": ""FIXED4""}"
V6-1195,525,21.545827633378934,2.8489002709503506,0.23933337535812838,99.782368709153,8,"{""body_min"": 0.4, ""excursion_atr"": 0.1, ""mode"": ""ADAPTIVE"", ""range_ratio_cut"": 0.8, ""retest_bars"": 8, ""sessions"": ""BOTH"", ""stop_buffer_atr"": 0.08, ""target_scheme"": ""FIXED4""}"
V6-0232,619,25.403556771545826,2.8048789928570037,0.5399691312086623,99.70336859277096,8,"{""body_min"": 0.4, ""excursion_atr"": 0.1, ""mode"": ""REVERSAL"", ""range_ratio_cut"": 1.0, ""retest_bars"": 4, ""sessions"": ""BOTH"", ""stop_buffer_atr"": 0.16, ""target_scheme"": ""DYNAMIC""}"
V6-0240,619,25.403556771545826,2.8048789928570037,0.5399691312086623,99.70336859277096,8,"{""body_min"": 0.4, ""excursion_atr"": 0.1, ""mode"": ""REVERSAL"", ""range_ratio_cut"": 1.0, ""retest_bars"": 8, ""sessions"": ""BOTH"", ""stop_buffer_atr"": 0.16, ""target_scheme"": ""DYNAMIC""}"
V6-0243,544,22.325581395348838,2.6844219492011274,0.5813433518891032,99.62279262891818,8,"{""body_min"": 0.55, ""excursion_atr"": 0.1, ""mode"": ""REVERSAL"", ""range_ratio_cut"": 1.0, ""retest_bars"": 4, ""sessions"": ""BOTH"", ""stop_buffer_atr"": 0.08, ""target_scheme"": ""FIXED4""}"
V6-0251,544,22.325581395348838,2.6844219492011274,0.5813433518891032,99.62279262891818,8,"{""body_min"": 0.55, ""excursion_atr"": 0.1, ""mode"": ""REVERSAL"", ""range_ratio_cut"": 1.0, ""retest_bars"": 8, ""sessions"": ""BOTH"", ""stop_buffer_atr"": 0.08, ""target_scheme"": ""FIXED4""}"
V6-0212,574,23.556771545827633,2.496524013219409,0.4696789343052427,99.72495501181098,8,"{""body_min"": 0.55, ""excursion_atr"": 0.0, ""mode"": ""REVERSAL"", ""range_ratio_cut"": 1.0, ""retest_bars"": 4, ""sessions"": ""BOTH"", ""stop_buffer_atr"": 0.08, ""target_scheme"": ""DYNAMIC""}"
V6-0220,574,23.556771545827633,2.496524013219409,0.4696789343052427,99.72495501181098,8,"{""body_min"": 0.55, ""excursion_atr"": 0.0, ""mode"": ""REVERSAL"", ""range_ratio_cut"": 1.0, ""retest_bars"": 8, ""sessions"": ""BOTH"", ""stop_buffer_atr"": 0.08, ""target_scheme"": ""DYNAMIC""}"
V6-1191,494,20.27359781121751,2.23674038456994,0.33881597345719766,99.72387498383715,8,"{""body_min"": 0.4, ""excursion_atr"": 0.1, ""mode"": ""ADAPTIVE"", ""range_ratio_cut"": 0.8, ""retest_bars"": 4, ""sessions"": ""BOTH"", ""stop_buffer_atr"": 0.16, ""target_scheme"": ""FIXED4""}"
V6-0204,640,26.265389876880985,2.0880788805479367,0.31352226669283645,99.8226025883,8,"{""body_min"": 0.4, ""excursion_atr"": 0.0, ""mode"": ""REVERSAL"", ""range_ratio_cut"": 1.0, ""retest_bars"": 8, ""sessions"": ""BOTH"", ""stop_buffer_atr"": 0.08, ""target_scheme"": ""DYNAMIC""}"
V6-0196,640,26.265389876880985,2.0880788805479367,0.31352226669283645,99.8226025883,8,"{""body_min"": 0.4, ""excursion_atr"": 0.0, ""mode"": ""REVERSAL"", ""range_ratio_cut"": 1.0, ""retest_bars"": 4, ""sessions"": ""BOTH"", ""stop_buffer_atr"": 0.08, ""target_scheme"": ""DYNAMIC""}"
V6-1155,518,21.258549931600548,2.057339444910916,0.15323463108206564,99.8606602588755,8,"{""body_min"": 0.4, ""excursion_atr"": 0.0, ""mode"": ""ADAPTIVE"", ""range_ratio_cut"": 0.8, ""retest_bars"": 4, ""sessions"": ""BOTH"", ""stop_buffer_atr"": 0.08, ""target_scheme"": ""FIXED4""}"
V6-0219,574,23.556771545827633,1.8613140430208313,0.2815775483134298,99.82743214387114,8,"{""body_min"": 0.55, ""excursion_atr"": 0.0, ""mode"": ""REVERSAL"", ""range_ratio_cut"": 1.0, ""retest_bars"": 8, ""sessions"": ""BOTH"", ""stop_buffer_atr"": 0.08, ""target_scheme"": ""FIXED4""}"
V6-0211,574,23.556771545827633,1.8613140430208313,0.2815775483134298,99.82743214387114,8,"{""body_min"": 0.55, ""excursion_atr"": 0.0, ""mode"": ""REVERSAL"", ""range_ratio_cut"": 1.0, ""retest_bars"": 4, ""sessions"": ""BOTH"", ""stop_buffer_atr"": 0.08, ""target_scheme"": ""FIXED4""}"
V6-0236,619,25.403556771545826,1.477596108012951,0.3043647300267967,99.82778411278704,8,"{""body_min"": 0.4, ""excursion_atr"": 0.1, ""mode"": ""REVERSAL"", ""range_ratio_cut"": 1.0, ""retest_bars"": 8, ""sessions"": ""BOTH"", ""stop_buffer_atr"": 0.08, ""target_scheme"": ""DYNAMIC""}"
V6-0228,619,25.403556771545826,1.477596108012951,0.3043647300267967,99.82778411278704,8,"{""body_min"": 0.4, ""excursion_atr"": 0.1, ""mode"": ""REVERSAL"", ""range_ratio_cut"": 1.0, ""retest_bars"": 4, ""sessions"": ""BOTH"", ""stop_buffer_atr"": 0.08, ""target_scheme"": ""DYNAMIC""}"
V6-1187,494,20.27359781121751,1.4608746711667047,0.13121034549177016,99.880687443533,8,"{""body_min"": 0.4, ""excursion_atr"": 0.1, ""mode"": ""ADAPTIVE"", ""range_ratio_cut"": 0.8, ""retest_bars"": 4, ""sessions"": ""BOTH"", ""stop_buffer_atr"": 0.08, ""target_scheme"": ""FIXED4""}"
V6-0199,639,26.22435020519836,1.4314529711584174,0.2850769181969231,99.82466818562531,8,"{""body_min"": 0.4, ""excursion_atr"": 0.0, ""mode"": ""REVERSAL"", ""range_ratio_cut"": 1.0, ""retest_bars"": 4, ""sessions"": ""BOTH"", ""stop_buffer_atr"": 0.16, ""target_scheme"": ""FIXED4""}"
V6-0207,639,26.22435020519836,1.4314529711584174,0.2850769181969231,99.82466818562531,8,"{""body_min"": 0.4, ""excursion_atr"": 0.0, ""mode"": ""REVERSAL"", ""range_ratio_cut"": 1.0, ""retest_bars"": 8, ""sessions"": ""BOTH"", ""stop_buffer_atr"": 0.16, ""target_scheme"": ""FIXED4""}"
V6-0203,639,26.22435020519836,1.1861351493817893,0.15304287354202134,99.89945133426325,8,"{""body_min"": 0.4, ""excursion_atr"": 0.0, ""mode"": ""REVERSAL"", ""range_ratio_cut"": 1.0, ""retest_bars"": 8, ""sessions"": ""BOTH"", ""stop_buffer_atr"": 0.08, ""target_scheme"": ""FIXED4""}"
V6-0195,639,26.22435020519836,1.1861351493817893,0.15304287354202134,99.89945133426325,8,"{""body_min"": 0.4, ""excursion_atr"": 0.0, ""mode"": ""REVERSAL"", ""range_ratio_cut"": 1.0, ""retest_bars"": 4, ""sessions"": ""BOTH"", ""stop_buffer_atr"": 0.08, ""target_scheme"": ""FIXED4""}"
V6-0239,618,25.3625170998632,0.9318106254978485,0.27888091898849315,99.82847893182654,8,"{""body_min"": 0.4, ""excursion_atr"": 0.1, ""mode"": ""REVERSAL"", ""range_ratio_cut"": 1.0, ""retest_bars"": 8, ""sessions"": ""BOTH"", ""stop_buffer_atr"": 0.16, ""target_scheme"": ""FIXED4""}"
V6-0231,618,25.3625170998632,0.9318106254978485,0.27888091898849315,99.82847893182654,8,"{""body_min"": 0.4, ""excursion_atr"": 0.1, ""mode"": ""REVERSAL"", ""range_ratio_cut"": 1.0, ""retest_bars"": 4, ""sessions"": ""BOTH"", ""stop_buffer_atr"": 0.16, ""target_scheme"": ""FIXED4""}"
V6-0227,618,25.3625170998632,0.7904537114204125,0.1537209913181775,99.89900581310943,8,"{""body_min"": 0.4, ""excursion_atr"": 0.1, ""mode"": ""REVERSAL"", ""range_ratio_cut"": 1.0, ""retest_bars"": 4, ""sessions"": ""BOTH"", ""stop_buffer_atr"": 0.08, ""target_scheme"": ""FIXED4""}"
V6-0235,618,25.3625170998632,0.7904537114204125,0.1537209913181775,99.89900581310943,8,"{""body_min"": 0.4, ""excursion_atr"": 0.1, ""mode"": ""REVERSAL"", ""range_ratio_cut"": 1.0, ""retest_bars"": 8, ""sessions"": ""BOTH"", ""stop_buffer_atr"": 0.08, ""target_scheme"": ""FIXED4""}"
