candidate,trades,trades_per_30d,min_month_trades,end_rm,lowest_rm,max_drawdown_pct,params
M15-0591,759,31.149110807113544,11,157.5731057173761,6.401529817917707,95.01771365390012,"{""body_min"": 0.55, ""breakout_buffer_atr"": 0.0, ""impulse_atr"": 1.2, ""lookback"": 20, ""max_hold_bars"": 40, ""max_risk_atr"": 2.8, ""min_risk_atr"": 0.35, ""pullback_bars"": 4, ""retrace_max"": 0.5, ""session"": ""ALL"", ""stop_buffer_atr"": 0.12, ""target_r"": 3.0}"
M15-0593,727,29.835841313269494,12,152.33988925503587,8.304873374326542,92.70576251155099,"{""body_min"": 0.55, ""breakout_buffer_atr"": 0.0, ""impulse_atr"": 1.2, ""lookback"": 20, ""max_hold_bars"": 40, ""max_risk_atr"": 2.8, ""min_risk_atr"": 0.35, ""pullback_bars"": 4, ""retrace_max"": 0.5, ""session"": ""ALL"", ""stop_buffer_atr"": 0.12, ""target_r"": 4.0}"
M15-0597,763,31.31326949384405,11,129.1653476018868,6.012005619844265,95.32087885795882,"{""body_min"": 0.55, ""breakout_buffer_atr"": 0.0, ""impulse_atr"": 1.2, ""lookback"": 20, ""max_hold_bars"": 40, ""max_risk_atr"": 2.8, ""min_risk_atr"": 0.35, ""pullback_bars"": 4, ""retrace_max"": 0.67, ""session"": ""ALL"", ""stop_buffer_atr"": 0.12, ""target_r"": 3.0}"
M15-0581,567,23.269493844049247,11,119.3481689421911,11.108788377980886,90.82564565458297,"{""body_min"": 0.55, ""breakout_buffer_atr"": 0.0, ""impulse_atr"": 1.2, ""lookback"": 20, ""max_hold_bars"": 40, ""max_risk_atr"": 2.8, ""min_risk_atr"": 0.35, ""pullback_bars"": 2, ""retrace_max"": 0.5, ""session"": ""ALL"", ""stop_buffer_atr"": 0.12, ""target_r"": 4.0}"
M15-0599,732,30.041039671682626,12,117.85450649666922,7.799533364477412,93.14960673145802,"{""body_min"": 0.55, ""breakout_buffer_atr"": 0.0, ""impulse_atr"": 1.2, ""lookback"": 20, ""max_hold_bars"": 40, ""max_risk_atr"": 2.8, ""min_risk_atr"": 0.35, ""pullback_bars"": 4, ""retrace_max"": 0.67, ""session"": ""ALL"", ""stop_buffer_atr"": 0.12, ""target_r"": 4.0}"
M15-0579,581,23.84404924760602,10,115.26158150784181,6.062043774145914,95.64253116345257,"{""body_min"": 0.55, ""breakout_buffer_atr"": 0.0, ""impulse_atr"": 1.2, ""lookback"": 20, ""max_hold_bars"": 40, ""max_risk_atr"": 2.8, ""min_risk_atr"": 0.35, ""pullback_bars"": 2, ""retrace_max"": 0.5, ""session"": ""ALL"", ""stop_buffer_atr"": 0.12, ""target_r"": 3.0}"
M15-0585,582,23.885088919288645,10,108.1463105385151,5.687824684691262,95.91152427552714,"{""body_min"": 0.55, ""breakout_buffer_atr"": 0.0, ""impulse_atr"": 1.2, ""lookback"": 20, ""max_hold_bars"": 40, ""max_risk_atr"": 2.8, ""min_risk_atr"": 0.35, ""pullback_bars"": 2, ""retrace_max"": 0.67, ""session"": ""ALL"", ""stop_buffer_atr"": 0.12, ""target_r"": 3.0}"
M15-0587,569,23.351573187414502,11,105.6845566758811,10.423026145533449,91.39199236163226,"{""body_min"": 0.55, ""breakout_buffer_atr"": 0.0, ""impulse_atr"": 1.2, ""lookback"": 20, ""max_hold_bars"": 40, ""max_risk_atr"": 2.8, ""min_risk_atr"": 0.35, ""pullback_bars"": 2, ""retrace_max"": 0.67, ""session"": ""ALL"", ""stop_buffer_atr"": 0.12, ""target_r"": 4.0}"
M15-0615,727,29.835841313269494,10,104.95688196357852,7.2450872678252995,93.7403294631526,"{""body_min"": 0.55, ""breakout_buffer_atr"": 0.1, ""impulse_atr"": 1.2, ""lookback"": 20, ""max_hold_bars"": 40, ""max_risk_atr"": 2.8, ""min_risk_atr"": 0.35, ""pullback_bars"": 4, ""retrace_max"": 0.5, ""session"": ""ALL"", ""stop_buffer_atr"": 0.12, ""target_r"": 3.0}"
M15-0617,699,28.68673050615595,11,101.78883766922449,10.797076725275357,90.51684014128026,"{""body_min"": 0.55, ""breakout_buffer_atr"": 0.1, ""impulse_atr"": 1.2, ""lookback"": 20, ""max_hold_bars"": 40, ""max_risk_atr"": 2.8, ""min_risk_atr"": 0.35, ""pullback_bars"": 4, ""retrace_max"": 0.5, ""session"": ""ALL"", ""stop_buffer_atr"": 0.12, ""target_r"": 4.0}"
M15-0305,854,35.047879616963066,16,96.46544251378484,3.1940421876494307,97.78428728074327,"{""body_min"": 0.55, ""breakout_buffer_atr"": 0.0, ""impulse_atr"": 1.2, ""lookback"": 12, ""max_hold_bars"": 40, ""max_risk_atr"": 2.8, ""min_risk_atr"": 0.35, ""pullback_bars"": 4, ""retrace_max"": 0.5, ""session"": ""ALL"", ""stop_buffer_atr"": 0.12, ""target_r"": 4.0}"
M15-0303,893,36.6484268125855,15,89.40567831379845,1.7864611174550653,98.8906956458403,"{""body_min"": 0.55, ""breakout_buffer_atr"": 0.0, ""impulse_atr"": 1.2, ""lookback"": 12, ""max_hold_bars"": 40, ""max_risk_atr"": 2.8, ""min_risk_atr"": 0.35, ""pullback_bars"": 4, ""retrace_max"": 0.5, ""session"": ""ALL"", ""stop_buffer_atr"": 0.12, ""target_r"": 3.0}"
M15-0621,731,30.0,10,86.0349364843472,6.804233770576444,94.1212217210071,"{""body_min"": 0.55, ""breakout_buffer_atr"": 0.1, ""impulse_atr"": 1.2, ""lookback"": 20, ""max_hold_bars"": 40, ""max_risk_atr"": 2.8, ""min_risk_atr"": 0.35, ""pullback_bars"": 4, ""retrace_max"": 0.67, ""session"": ""ALL"", ""stop_buffer_atr"": 0.12, ""target_r"": 3.0}"
M15-0311,859,35.2530779753762,16,81.8700324388784,2.999689156866927,97.91911032221594,"{""body_min"": 0.55, ""breakout_buffer_atr"": 0.0, ""impulse_atr"": 1.2, ""lookback"": 12, ""max_hold_bars"": 40, ""max_risk_atr"": 2.8, ""min_risk_atr"": 0.35, ""pullback_bars"": 4, ""retrace_max"": 0.67, ""session"": ""ALL"", ""stop_buffer_atr"": 0.12, ""target_r"": 4.0}"
M15-0309,897,36.81258549931601,15,80.39881877467377,1.725927534315325,98.92828401912965,"{""body_min"": 0.55, ""breakout_buffer_atr"": 0.0, ""impulse_atr"": 1.2, ""lookback"": 12, ""max_hold_bars"": 40, ""max_risk_atr"": 2.8, ""min_risk_atr"": 0.35, ""pullback_bars"": 4, ""retrace_max"": 0.67, ""session"": ""ALL"", ""stop_buffer_atr"": 0.12, ""target_r"": 3.0}"
M15-0623,704,28.891928864569085,11,78.74676349733181,10.140089603044261,91.09387724713439,"{""body_min"": 0.55, ""breakout_buffer_atr"": 0.1, ""impulse_atr"": 1.2, ""lookback"": 20, ""max_hold_bars"": 40, ""max_risk_atr"": 2.8, ""min_risk_atr"": 0.35, ""pullback_bars"": 4, ""retrace_max"": 0.67, ""session"": ""ALL"", ""stop_buffer_atr"": 0.12, ""target_r"": 4.0}"
M15-0641,657,26.963064295485637,10,69.54638869413554,6.502825768977975,94.53863316795254,"{""body_min"": 0.65, ""breakout_buffer_atr"": 0.0, ""impulse_atr"": 1.2, ""lookback"": 20, ""max_hold_bars"": 40, ""max_risk_atr"": 2.8, ""min_risk_atr"": 0.35, ""pullback_bars"": 4, ""retrace_max"": 0.5, ""session"": ""ALL"", ""stop_buffer_atr"": 0.12, ""target_r"": 4.0}"
M15-0605,541,22.202462380300958,10,66.21999918707789,12.07894687448272,90.02442615923576,"{""body_min"": 0.55, ""breakout_buffer_atr"": 0.1, ""impulse_atr"": 1.2, ""lookback"": 20, ""max_hold_bars"": 40, ""max_risk_atr"": 2.8, ""min_risk_atr"": 0.35, ""pullback_bars"": 2, ""retrace_max"": 0.5, ""session"": ""ALL"", ""stop_buffer_atr"": 0.12, ""target_r"": 4.0}"
M15-0639,684,28.071135430916552,10,62.68888783667376,4.558456958414527,95.84673063173649,"{""body_min"": 0.65, ""breakout_buffer_atr"": 0.0, ""impulse_atr"": 1.2, ""lookback"": 20, ""max_hold_bars"": 40, ""max_risk_atr"": 2.8, ""min_risk_atr"": 0.35, ""pullback_bars"": 4, ""retrace_max"": 0.5, ""session"": ""ALL"", ""stop_buffer_atr"": 0.12, ""target_r"": 3.0}"
M15-0611,543,22.284541723666212,10,58.63878197036577,11.333295297333413,90.64023335208375,"{""body_min"": 0.55, ""breakout_buffer_atr"": 0.1, ""impulse_atr"": 1.2, ""lookback"": 20, ""max_hold_bars"": 40, ""max_risk_atr"": 2.8, ""min_risk_atr"": 0.35, ""pullback_bars"": 2, ""retrace_max"": 0.67, ""session"": ""ALL"", ""stop_buffer_atr"": 0.12, ""target_r"": 4.0}"
M15-0327,858,35.21203830369357,14,54.85416230393487,1.4251044331618157,98.8406100632549,"{""body_min"": 0.55, ""breakout_buffer_atr"": 0.1, ""impulse_atr"": 1.2, ""lookback"": 12, ""max_hold_bars"": 40, ""max_risk_atr"": 2.8, ""min_risk_atr"": 0.35, ""pullback_bars"": 4, ""retrace_max"": 0.5, ""session"": ""ALL"", ""stop_buffer_atr"": 0.12, ""target_r"": 3.0}"
M15-0647,662,27.16826265389877,10,53.803080455514554,6.107137852976617,94.87094975416663,"{""body_min"": 0.65, ""breakout_buffer_atr"": 0.0, ""impulse_atr"": 1.2, ""lookback"": 20, ""max_hold_bars"": 40, ""max_risk_atr"": 2.8, ""min_risk_atr"": 0.35, ""pullback_bars"": 4, ""retrace_max"": 0.67, ""session"": ""ALL"", ""stop_buffer_atr"": 0.12, ""target_r"": 4.0}"
M15-0329,824,33.81668946648427,15,52.59820191830452,3.436467254714608,97.12450292304467,"{""body_min"": 0.55, ""breakout_buffer_atr"": 0.1, ""impulse_atr"": 1.2, ""lookback"": 12, ""max_hold_bars"": 40, ""max_risk_atr"": 2.8, ""min_risk_atr"": 0.35, ""pullback_bars"": 4, ""retrace_max"": 0.5, ""session"": ""ALL"", ""stop_buffer_atr"": 0.12, ""target_r"": 4.0}"
M15-0645,688,28.235294117647058,10,51.38714472457555,4.2810811839225,96.09945130414947,"{""body_min"": 0.65, ""breakout_buffer_atr"": 0.0, ""impulse_atr"": 1.2, ""lookback"": 20, ""max_hold_bars"": 40, ""max_risk_atr"": 2.8, ""min_risk_atr"": 0.35, ""pullback_bars"": 4, ""retrace_max"": 0.67, ""session"": ""ALL"", ""stop_buffer_atr"": 0.12, ""target_r"": 3.0}"
M15-0333,862,35.37619699042408,14,49.32807330907468,1.3903898806480524,98.86885199549965,"{""body_min"": 0.55, ""breakout_buffer_atr"": 0.1, ""impulse_atr"": 1.2, ""lookback"": 12, ""max_hold_bars"": 40, ""max_risk_atr"": 2.8, ""min_risk_atr"": 0.35, ""pullback_bars"": 4, ""retrace_max"": 0.67, ""session"": ""ALL"", ""stop_buffer_atr"": 0.12, ""target_r"": 3.0}"
M15-0603,555,22.77701778385773,9,49.01247928257478,6.060374192361482,95.64373127860627,"{""body_min"": 0.55, ""breakout_buffer_atr"": 0.1, ""impulse_atr"": 1.2, ""lookback"": 20, ""max_hold_bars"": 40, ""max_risk_atr"": 2.8, ""min_risk_atr"": 0.35, ""pullback_bars"": 2, ""retrace_max"": 0.5, ""session"": ""ALL"", ""stop_buffer_atr"": 0.12, ""target_r"": 3.0}"
M15-0609,556,22.818057455540355,9,45.98686514114209,5.68625816870418,95.91265030576545,"{""body_min"": 0.55, ""breakout_buffer_atr"": 0.1, ""impulse_atr"": 1.2, ""lookback"": 20, ""max_hold_bars"": 40, ""max_risk_atr"": 2.8, ""min_risk_atr"": 0.35, ""pullback_bars"": 2, ""retrace_max"": 0.67, ""session"": ""ALL"", ""stop_buffer_atr"": 0.12, ""target_r"": 3.0}"
M15-0293,671,27.53761969904241,14,45.49256395517723,3.9715851961597197,96.9366847396698,"{""body_min"": 0.55, ""breakout_buffer_atr"": 0.0, ""impulse_atr"": 1.2, ""lookback"": 12, ""max_hold_bars"": 40, ""max_risk_atr"": 2.8, ""min_risk_atr"": 0.35, ""pullback_bars"": 2, ""retrace_max"": 0.5, ""session"": ""ALL"", ""stop_buffer_atr"": 0.12, ""target_r"": 4.0}"
M15-0629,511,20.971272229822162,9,44.70728190405062,11.056104703419068,91.75791460068682,"{""body_min"": 0.65, ""breakout_buffer_atr"": 0.0, ""impulse_atr"": 1.2, ""lookback"": 20, ""max_hold_bars"": 40, ""max_risk_atr"": 2.8, ""min_risk_atr"": 0.35, ""pullback_bars"": 2, ""retrace_max"": 0.5, ""session"": ""ALL"", ""stop_buffer_atr"": 0.12, ""target_r"": 4.0}"
M15-0335,829,34.0218878248974,15,44.639991120788395,3.227362995315288,97.2994729262818,"{""body_min"": 0.55, ""breakout_buffer_atr"": 0.1, ""impulse_atr"": 1.2, ""lookback"": 12, ""max_hold_bars"": 40, ""max_risk_atr"": 2.8, ""min_risk_atr"": 0.35, ""pullback_bars"": 4, ""retrace_max"": 0.67, ""session"": ""ALL"", ""stop_buffer_atr"": 0.12, ""target_r"": 4.0}"
M15-0353,778,31.928864569083448,13,44.40285535933222,2.8850437716911532,98.08628370149752,"{""body_min"": 0.65, ""breakout_buffer_atr"": 0.0, ""impulse_atr"": 1.2, ""lookback"": 12, ""max_hold_bars"": 40, ""max_risk_atr"": 2.8, ""min_risk_atr"": 0.35, ""pullback_bars"": 4, ""retrace_max"": 0.5, ""session"": ""ALL"", ""stop_buffer_atr"": 0.12, ""target_r"": 4.0}"
M15-0665,633,25.9781121751026,9,43.27740708666388,7.257325837819345,93.90496992721107,"{""body_min"": 0.65, ""breakout_buffer_atr"": 0.1, ""impulse_atr"": 1.2, ""lookback"": 20, ""max_hold_bars"": 40, ""max_risk_atr"": 2.8, ""min_risk_atr"": 0.35, ""pullback_bars"": 4, ""retrace_max"": 0.5, ""session"": ""ALL"", ""stop_buffer_atr"": 0.12, ""target_r"": 4.0}"
M15-0299,673,27.61969904240766,14,40.2843336120293,3.7264132622094657,97.1257878029506,"{""body_min"": 0.55, ""breakout_buffer_atr"": 0.0, ""impulse_atr"": 1.2, ""lookback"": 12, ""max_hold_bars"": 40, ""max_risk_atr"": 2.8, ""min_risk_atr"": 0.35, ""pullback_bars"": 2, ""retrace_max"": 0.67, ""session"": ""ALL"", ""stop_buffer_atr"": 0.12, ""target_r"": 4.0}"
M15-0627,523,21.46374829001368,9,39.785735988112776,6.560319747043862,95.3056180851111,"{""body_min"": 0.65, ""breakout_buffer_atr"": 0.0, ""impulse_atr"": 1.2, ""lookback"": 20, ""max_hold_bars"": 40, ""max_risk_atr"": 2.8, ""min_risk_atr"": 0.35, ""pullback_bars"": 2, ""retrace_max"": 0.5, ""session"": ""ALL"", ""stop_buffer_atr"": 0.12, ""target_r"": 3.0}"
M15-0635,513,21.053351573187413,9,39.58895482093083,9.79034311543511,92.70151231282749,"{""body_min"": 0.65, ""breakout_buffer_atr"": 0.0, ""impulse_atr"": 1.2, ""lookback"": 20, ""max_hold_bars"": 40, ""max_risk_atr"": 2.8, ""min_risk_atr"": 0.35, ""pullback_bars"": 2, ""retrace_max"": 0.67, ""session"": ""ALL"", ""stop_buffer_atr"": 0.12, ""target_r"": 4.0}"
M15-0663,655,26.880984952120382,9,39.37607759663053,4.855253133278205,95.57631578019254,"{""body_min"": 0.65, ""breakout_buffer_atr"": 0.1, ""impulse_atr"": 1.2, ""lookback"": 20, ""max_hold_bars"": 40, ""max_risk_atr"": 2.8, ""min_risk_atr"": 0.35, ""pullback_bars"": 4, ""retrace_max"": 0.5, ""session"": ""ALL"", ""stop_buffer_atr"": 0.12, ""target_r"": 3.0}"
M15-0709,563,23.10533515731874,8,38.94273177744002,8.77184950179,94.18535032620338,"{""body_min"": 0.55, ""breakout_buffer_atr"": 0.1, ""impulse_atr"": 1.5, ""lookback"": 20, ""max_hold_bars"": 40, ""max_risk_atr"": 2.8, ""min_risk_atr"": 0.35, ""pullback_bars"": 4, ""retrace_max"": 0.5, ""session"": ""ALL"", ""stop_buffer_atr"": 0.12, ""target_r"": 2.0}"
M15-0351,810,33.2421340629275,13,38.3517082940323,1.6572482774527777,98.85408600662856,"{""body_min"": 0.65, ""breakout_buffer_atr"": 0.0, ""impulse_atr"": 1.2, ""lookback"": 12, ""max_hold_bars"": 40, ""max_risk_atr"": 2.8, ""min_risk_atr"": 0.35, ""pullback_bars"": 4, ""retrace_max"": 0.5, ""session"": ""ALL"", ""stop_buffer_atr"": 0.12, ""target_r"": 3.0}"
M15-0359,783,32.13406292749658,13,37.68461652086308,2.6565069094289995,98.23787749096135,"{""body_min"": 0.65, ""breakout_buffer_atr"": 0.0, ""impulse_atr"": 1.2, ""lookback"": 12, ""max_hold_bars"": 40, ""max_risk_atr"": 2.8, ""min_risk_atr"": 0.35, ""pullback_bars"": 4, ""retrace_max"": 0.67, ""session"": ""ALL"", ""stop_buffer_atr"": 0.12, ""target_r"": 4.0}"
M15-0633,524,21.504787961696305,9,37.32970260243301,6.1553413315562535,95.59540934878267,"{""body_min"": 0.65, ""breakout_buffer_atr"": 0.0, ""impulse_atr"": 1.2, ""lookback"": 20, ""max_hold_bars"": 40, ""max_risk_atr"": 2.8, ""min_risk_atr"": 0.35, ""pullback_bars"": 2, ""retrace_max"": 0.67, ""session"": ""ALL"", ""stop_buffer_atr"": 0.12, ""target_r"": 3.0}"
M15-0715,567,23.269493844049247,8,37.28884814005674,9.623109102041965,93.62107065452055,"{""body_min"": 0.55, ""breakout_buffer_atr"": 0.1, ""impulse_atr"": 1.5, ""lookback"": 20, ""max_hold_bars"": 40, ""max_risk_atr"": 2.8, ""min_risk_atr"": 0.35, ""pullback_bars"": 4, ""retrace_max"": 0.67, ""session"": ""ALL"", ""stop_buffer_atr"": 0.12, ""target_r"": 2.0}"
M15-0357,814,33.406292749658,13,34.48810078940101,1.6168788623999182,98.88199967426826,"{""body_min"": 0.65, ""breakout_buffer_atr"": 0.0, ""impulse_atr"": 1.2, ""lookback"": 12, ""max_hold_bars"": 40, ""max_risk_atr"": 2.8, ""min_risk_atr"": 0.35, ""pullback_bars"": 4, ""retrace_max"": 0.67, ""session"": ""ALL"", ""stop_buffer_atr"": 0.12, ""target_r"": 3.0}"
M15-0583,614,25.198358413132695,11,34.282744306552544,12.156457422899265,93.62524869080627,"{""body_min"": 0.55, ""breakout_buffer_atr"": 0.0, ""impulse_atr"": 1.2, ""lookback"": 20, ""max_hold_bars"": 40, ""max_risk_atr"": 2.8, ""min_risk_atr"": 0.35, ""pullback_bars"": 2, ""retrace_max"": 0.67, ""session"": ""ALL"", ""stop_buffer_atr"": 0.12, ""target_r"": 2.0}"
M15-0671,638,26.183310533515733,9,33.48064305150867,6.432515827486637,94.59768263291835,"{""body_min"": 0.65, ""breakout_buffer_atr"": 0.1, ""impulse_atr"": 1.2, ""lookback"": 20, ""max_hold_bars"": 40, ""max_risk_atr"": 2.8, ""min_risk_atr"": 0.35, ""pullback_bars"": 4, ""retrace_max"": 0.67, ""session"": ""ALL"", ""stop_buffer_atr"": 0.12, ""target_r"": 4.0}"
M15-0041,915,37.55129958960328,18,33.161660526326145,3.4892578915020285,97.49228299384727,"{""body_min"": 0.55, ""breakout_buffer_atr"": 0.1, ""impulse_atr"": 1.2, ""lookback"": 8, ""max_hold_bars"": 40, ""max_risk_atr"": 2.8, ""min_risk_atr"": 0.35, ""pullback_bars"": 4, ""retrace_max"": 0.5, ""session"": ""ALL"", ""stop_buffer_atr"": 0.12, ""target_r"": 4.0}"
M15-0669,659,27.045143638850888,9,32.27723872555993,4.559817723778082,95.8454908207317,"{""body_min"": 0.65, ""breakout_buffer_atr"": 0.1, ""impulse_atr"": 1.2, ""lookback"": 20, ""max_hold_bars"": 40, ""max_risk_atr"": 2.8, ""min_risk_atr"": 0.35, ""pullback_bars"": 4, ""retrace_max"": 0.67, ""session"": ""ALL"", ""stop_buffer_atr"": 0.12, ""target_r"": 3.0}"
M15-0577,613,25.15731874145007,11,31.502101259324903,11.170457920944497,94.14229912723609,"{""body_min"": 0.55, ""breakout_buffer_atr"": 0.0, ""impulse_atr"": 1.2, ""lookback"": 20, ""max_hold_bars"": 40, ""max_risk_atr"": 2.8, ""min_risk_atr"": 0.35, ""pullback_bars"": 2, ""retrace_max"": 0.5, ""session"": ""ALL"", ""stop_buffer_atr"": 0.12, ""target_r"": 2.0}"
M15-0291,690,28.317373461012313,13,30.742370955250337,1.5569243410393032,98.92003803202381,"{""body_min"": 0.55, ""breakout_buffer_atr"": 0.0, ""impulse_atr"": 1.2, ""lookback"": 12, ""max_hold_bars"": 40, ""max_risk_atr"": 2.8, ""min_risk_atr"": 0.35, ""pullback_bars"": 2, ""retrace_max"": 0.5, ""session"": ""ALL"", ""stop_buffer_atr"": 0.12, ""target_r"": 3.0}"
M15-0017,944,38.74145006839945,19,29.589735955539513,2.2738448918022693,98.47751781444093,"{""body_min"": 0.55, ""breakout_buffer_atr"": 0.0, ""impulse_atr"": 1.2, ""lookback"": 8, ""max_hold_bars"": 40, ""max_risk_atr"": 2.8, ""min_risk_atr"": 0.35, ""pullback_bars"": 4, ""retrace_max"": 0.5, ""session"": ""ALL"", ""stop_buffer_atr"": 0.12, ""target_r"": 4.0}"
M15-0297,691,28.35841313269494,13,28.844598109132676,1.4608130572939801,98.98670571034465,"{""body_min"": 0.55, ""breakout_buffer_atr"": 0.0, ""impulse_atr"": 1.2, ""lookback"": 12, ""max_hold_bars"": 40, ""max_risk_atr"": 2.8, ""min_risk_atr"": 0.35, ""pullback_bars"": 2, ""retrace_max"": 0.67, ""session"": ""ALL"", ""stop_buffer_atr"": 0.12, ""target_r"": 3.0}"
M15-0047,920,37.75649794801642,18,28.114749381182722,3.273508103074541,97.64734158519737,"{""body_min"": 0.55, ""breakout_buffer_atr"": 0.1, ""impulse_atr"": 1.2, ""lookback"": 8, ""max_hold_bars"": 40, ""max_risk_atr"": 2.8, ""min_risk_atr"": 0.35, ""pullback_bars"": 4, ""retrace_max"": 0.67, ""session"": ""ALL"", ""stop_buffer_atr"": 0.12, ""target_r"": 4.0}"
M15-0685,582,23.885088919288645,8,27.97366379916427,5.7698994856647685,96.17527134325393,"{""body_min"": 0.55, ""breakout_buffer_atr"": 0.0, ""impulse_atr"": 1.5, ""lookback"": 20, ""max_hold_bars"": 40, ""max_risk_atr"": 2.8, ""min_risk_atr"": 0.35, ""pullback_bars"": 4, ""retrace_max"": 0.5, ""session"": ""ALL"", ""stop_buffer_atr"": 0.12, ""target_r"": 2.0}"
M15-0307,971,39.84952120383037,16,27.084864580337577,4.297285198285072,98.01069712847655,"{""body_min"": 0.55, ""breakout_buffer_atr"": 0.0, ""impulse_atr"": 1.2, ""lookback"": 12, ""max_hold_bars"": 40, ""max_risk_atr"": 2.8, ""min_risk_atr"": 0.35, ""pullback_bars"": 4, ""retrace_max"": 0.67, ""session"": ""ALL"", ""stop_buffer_atr"": 0.12, ""target_r"": 2.0}"
M15-0691,586,24.04924760601915,8,26.78563248437353,6.329836398474186,95.80410252797164,"{""body_min"": 0.55, ""breakout_buffer_atr"": 0.0, ""impulse_atr"": 1.5, ""lookback"": 20, ""max_hold_bars"": 40, ""max_risk_atr"": 2.8, ""min_risk_atr"": 0.35, ""pullback_bars"": 4, ""retrace_max"": 0.67, ""session"": ""ALL"", ""stop_buffer_atr"": 0.12, ""target_r"": 2.0}"
M15-0653,488,20.027359781121753,8,26.02170351468371,10.939041795049633,91.84518245078003,"{""body_min"": 0.65, ""breakout_buffer_atr"": 0.1, ""impulse_atr"": 1.2, ""lookback"": 20, ""max_hold_bars"": 40, ""max_risk_atr"": 2.8, ""min_risk_atr"": 0.35, ""pullback_bars"": 2, ""retrace_max"": 0.5, ""session"": ""ALL"", ""stop_buffer_atr"": 0.12, ""target_r"": 4.0}"
M15-0023,949,38.94664842681259,19,25.086440107091025,2.1332472147093666,98.57165680319811,"{""body_min"": 0.55, ""breakout_buffer_atr"": 0.0, ""impulse_atr"": 1.2, ""lookback"": 8, ""max_hold_bars"": 40, ""max_risk_atr"": 2.8, ""min_risk_atr"": 0.35, ""pullback_bars"": 4, ""retrace_max"": 0.67, ""session"": ""ALL"", ""stop_buffer_atr"": 0.12, ""target_r"": 4.0}"
M15-0595,816,33.48837209302326,13,24.323272514659912,4.908858017395338,97.15939318638304,"{""body_min"": 0.55, ""breakout_buffer_atr"": 0.0, ""impulse_atr"": 1.2, ""lookback"": 20, ""max_hold_bars"": 40, ""max_risk_atr"": 2.8, ""min_risk_atr"": 0.35, ""pullback_bars"": 4, ""retrace_max"": 0.67, ""session"": ""ALL"", ""stop_buffer_atr"": 0.12, ""target_r"": 2.0}"
M15-0317,638,26.183310533515733,14,23.424983120492524,4.623869235543546,96.34568660772297,"{""body_min"": 0.55, ""breakout_buffer_atr"": 0.1, ""impulse_atr"": 1.2, ""lookback"": 12, ""max_hold_bars"": 40, ""max_risk_atr"": 2.8, ""min_risk_atr"": 0.35, ""pullback_bars"": 2, ""retrace_max"": 0.5, ""session"": ""ALL"", ""stop_buffer_atr"": 0.12, ""target_r"": 4.0}"
M15-0619,781,32.05198358413133,12,23.04648958729159,5.227042997808912,96.7886085796307,"{""body_min"": 0.55, ""breakout_buffer_atr"": 0.1, ""impulse_atr"": 1.2, ""lookback"": 20, ""max_hold_bars"": 40, ""max_risk_atr"": 2.8, ""min_risk_atr"": 0.35, ""pullback_bars"": 4, ""retrace_max"": 0.67, ""session"": ""ALL"", ""stop_buffer_atr"": 0.12, ""target_r"": 2.0}"
M15-0659,490,20.109439124487004,8,23.042600689019643,9.686682190564074,92.77878927594224,"{""body_min"": 0.65, ""breakout_buffer_atr"": 0.1, ""impulse_atr"": 1.2, ""lookback"": 20, ""max_hold_bars"": 40, ""max_risk_atr"": 2.8, ""min_risk_atr"": 0.35, ""pullback_bars"": 2, ""retrace_max"": 0.67, ""session"": ""ALL"", ""stop_buffer_atr"": 0.12, ""target_r"": 4.0}"
M15-0301,966,39.644322845417236,16,22.38877299690418,3.2741039242222776,98.48434906281742,"{""body_min"": 0.55, ""breakout_buffer_atr"": 0.0, ""impulse_atr"": 1.2, ""lookback"": 12, ""max_hold_bars"": 40, ""max_risk_atr"": 2.8, ""min_risk_atr"": 0.35, ""pullback_bars"": 4, ""retrace_max"": 0.5, ""session"": ""ALL"", ""stop_buffer_atr"": 0.12, ""target_r"": 2.0}"
M15-0355,876,35.95075239398085,13,22.25751849761082,5.019111672278849,97.52561565218774,"{""body_min"": 0.65, ""breakout_buffer_atr"": 0.0, ""impulse_atr"": 1.2, ""lookback"": 12, ""max_hold_bars"": 40, ""max_risk_atr"": 2.8, ""min_risk_atr"": 0.35, ""pullback_bars"": 4, ""retrace_max"": 0.67, ""session"": ""ALL"", ""stop_buffer_atr"": 0.12, ""target_r"": 2.0}"
M15-0589,812,33.32421340629275,13,22.084893098416643,3.89029095678664,97.74880696087762,"{""body_min"": 0.55, ""breakout_buffer_atr"": 0.0, ""impulse_atr"": 1.2, ""lookback"": 20, ""max_hold_bars"": 40, ""max_risk_atr"": 2.8, ""min_risk_atr"": 0.35, ""pullback_bars"": 4, ""retrace_max"": 0.5, ""session"": ""ALL"", ""stop_buffer_atr"": 0.12, ""target_r"": 2.0}"
M15-0330,499,20.478796169630645,8,21.455526331190494,6.521082413390064,95.93219012864564,"{""body_min"": 0.55, ""breakout_buffer_atr"": 0.1, ""impulse_atr"": 1.2, ""lookback"": 12, ""max_hold_bars"": 40, ""max_risk_atr"": 2.8, ""min_risk_atr"": 0.35, ""pullback_bars"": 4, ""retrace_max"": 0.5, ""session"": ""PRIMARY"", ""stop_buffer_atr"": 0.12, ""target_r"": 4.0}"
M15-0331,930,38.16689466484268,15,21.281760506484286,3.9992942438046115,97.96822132505496,"{""body_min"": 0.55, ""breakout_buffer_atr"": 0.1, ""impulse_atr"": 1.2, ""lookback"": 12, ""max_hold_bars"": 40, ""max_risk_atr"": 2.8, ""min_risk_atr"": 0.35, ""pullback_bars"": 4, ""retrace_max"": 0.67, ""session"": ""ALL"", ""stop_buffer_atr"": 0.12, ""target_r"": 2.0}"
M15-0643,731,30.0,11,20.95614194458028,6.087687144554575,96.22792644129389,"{""body_min"": 0.65, ""breakout_buffer_atr"": 0.0, ""impulse_atr"": 1.2, ""lookback"": 20, ""max_hold_bars"": 40, ""max_risk_atr"": 2.8, ""min_risk_atr"": 0.35, ""pullback_bars"": 4, ""retrace_max"": 0.67, ""session"": ""ALL"", ""stop_buffer_atr"": 0.12, ""target_r"": 2.0}"
M15-0613,777,31.887824897400822,12,20.92560770851621,4.14245391352766,97.45495857547864,"{""body_min"": 0.55, ""breakout_buffer_atr"": 0.1, ""impulse_atr"": 1.2, ""lookback"": 20, ""max_hold_bars"": 40, ""max_risk_atr"": 2.8, ""min_risk_atr"": 0.35, ""pullback_bars"": 4, ""retrace_max"": 0.5, ""session"": ""ALL"", ""stop_buffer_atr"": 0.12, ""target_r"": 2.0}"
M15-0005,750,30.779753761969904,16,20.816420483268352,2.3062567900010844,98.49333429121342,"{""body_min"": 0.55, ""breakout_buffer_atr"": 0.0, ""impulse_atr"": 1.2, ""lookback"": 8, ""max_hold_bars"": 40, ""max_risk_atr"": 2.8, ""min_risk_atr"": 0.35, ""pullback_bars"": 2, ""retrace_max"": 0.5, ""session"": ""ALL"", ""stop_buffer_atr"": 0.12, ""target_r"": 4.0}"
M15-0427,656,26.922024623803008,8,20.793919483236763,6.412384812288011,96.63002028360839,"{""body_min"": 0.55, ""breakout_buffer_atr"": 0.1, ""impulse_atr"": 1.5, ""lookback"": 12, ""max_hold_bars"": 40, ""max_risk_atr"": 2.8, ""min_risk_atr"": 0.35, ""pullback_bars"": 4, ""retrace_max"": 0.67, ""session"": ""ALL"", ""stop_buffer_atr"": 0.12, ""target_r"": 2.0}"
M15-0323,640,26.265389876880985,14,20.74316663733966,4.338430825734921,96.57127287552133,"{""body_min"": 0.55, ""breakout_buffer_atr"": 0.1, ""impulse_atr"": 1.2, ""lookback"": 12, ""max_hold_bars"": 40, ""max_risk_atr"": 2.8, ""min_risk_atr"": 0.35, ""pullback_bars"": 2, ""retrace_max"": 0.67, ""session"": ""ALL"", ""stop_buffer_atr"": 0.12, ""target_r"": 4.0}"
M15-0607,584,23.9671682626539,10,20.690609969643553,9.683715324244615,94.80474552582156,"{""body_min"": 0.55, ""breakout_buffer_atr"": 0.1, ""impulse_atr"": 1.2, ""lookback"": 20, ""max_hold_bars"": 40, ""max_risk_atr"": 2.8, ""min_risk_atr"": 0.35, ""pullback_bars"": 2, ""retrace_max"": 0.67, ""session"": ""ALL"", ""stop_buffer_atr"": 0.12, ""target_r"": 2.0}"
M15-0328,517,21.21751025991792,8,20.47264959972306,6.029707457310614,95.94134666490662,"{""body_min"": 0.55, ""breakout_buffer_atr"": 0.1, ""impulse_atr"": 1.2, ""lookback"": 12, ""max_hold_bars"": 40, ""max_risk_atr"": 2.8, ""min_risk_atr"": 0.35, ""pullback_bars"": 4, ""retrace_max"": 0.5, ""session"": ""PRIMARY"", ""stop_buffer_atr"": 0.12, ""target_r"": 3.0}"
M15-0377,750,30.779753761969904,12,19.942888881803732,2.6003435793839254,97.91942296152361,"{""body_min"": 0.65, ""breakout_buffer_atr"": 0.1, ""impulse_atr"": 1.2, ""lookback"": 12, ""max_hold_bars"": 40, ""max_risk_atr"": 2.8, ""min_risk_atr"": 0.35, ""pullback_bars"": 4, ""retrace_max"": 0.5, ""session"": ""ALL"", ""stop_buffer_atr"": 0.12, ""target_r"": 4.0}"
M15-0421,651,26.716826265389876,8,19.770339716767015,5.619426680800463,97.04675335520136,"{""body_min"": 0.55, ""breakout_buffer_atr"": 0.1, ""impulse_atr"": 1.5, ""lookback"": 12, ""max_hold_bars"": 40, ""max_risk_atr"": 2.8, ""min_risk_atr"": 0.35, ""pullback_bars"": 4, ""retrace_max"": 0.5, ""session"": ""ALL"", ""stop_buffer_atr"": 0.12, ""target_r"": 2.0}"
M15-0336,503,20.64295485636115,8,19.454576976504676,6.774449207642684,95.77414152852096,"{""body_min"": 0.55, ""breakout_buffer_atr"": 0.1, ""impulse_atr"": 1.2, ""lookback"": 12, ""max_hold_bars"": 40, ""max_risk_atr"": 2.8, ""min_risk_atr"": 0.35, ""pullback_bars"": 4, ""retrace_max"": 0.67, ""session"": ""PRIMARY"", ""stop_buffer_atr"": 0.12, ""target_r"": 4.0}"
M15-0375,777,31.887824897400822,12,19.3823796366816,1.3613474280282654,98.83207166122959,"{""body_min"": 0.65, ""breakout_buffer_atr"": 0.1, ""impulse_atr"": 1.2, ""lookback"": 12, ""max_hold_bars"": 40, ""max_risk_atr"": 2.8, ""min_risk_atr"": 0.35, ""pullback_bars"": 4, ""retrace_max"": 0.5, ""session"": ""ALL"", ""stop_buffer_atr"": 0.12, ""target_r"": 3.0}"
M15-0137,639,26.22435020519836,8,19.251661016100726,7.637117902562584,95.1469673585373,"{""body_min"": 0.55, ""breakout_buffer_atr"": 0.1, ""impulse_atr"": 1.5, ""lookback"": 8, ""max_hold_bars"": 40, ""max_risk_atr"": 2.8, ""min_risk_atr"": 0.35, ""pullback_bars"": 4, ""retrace_max"": 0.5, ""session"": ""ALL"", ""stop_buffer_atr"": 0.12, ""target_r"": 4.0}"
M15-0637,727,29.835841313269494,11,19.02762690844161,4.824518077785672,97.01061558477204,"{""body_min"": 0.65, ""breakout_buffer_atr"": 0.0, ""impulse_atr"": 1.2, ""lookback"": 20, ""max_hold_bars"": 40, ""max_risk_atr"": 2.8, ""min_risk_atr"": 0.35, ""pullback_bars"": 4, ""retrace_max"": 0.5, ""session"": ""ALL"", ""stop_buffer_atr"": 0.12, ""target_r"": 2.0}"
M15-0601,583,23.926128590971274,10,19.01241290815594,8.898277745300701,95.22612801792974,"{""body_min"": 0.55, ""breakout_buffer_atr"": 0.1, ""impulse_atr"": 1.2, ""lookback"": 20, ""max_hold_bars"": 40, ""max_risk_atr"": 2.8, ""min_risk_atr"": 0.35, ""pullback_bars"": 2, ""retrace_max"": 0.5, ""session"": ""ALL"", ""stop_buffer_atr"": 0.12, ""target_r"": 2.0}"
M15-0334,521,21.38166894664843,8,18.563363648265266,6.263982620832997,95.78365382814937,"{""body_min"": 0.55, ""breakout_buffer_atr"": 0.1, ""impulse_atr"": 1.2, ""lookback"": 12, ""max_hold_bars"": 40, ""max_risk_atr"": 2.8, ""min_risk_atr"": 0.35, ""pullback_bars"": 4, ""retrace_max"": 0.67, ""session"": ""PRIMARY"", ""stop_buffer_atr"": 0.12, ""target_r"": 3.0}"
M15-0667,700,28.72777017783858,10,18.550110068742715,6.233640853623431,96.13749010419234,"{""body_min"": 0.65, ""breakout_buffer_atr"": 0.1, ""impulse_atr"": 1.2, ""lookback"": 20, ""max_hold_bars"": 40, ""max_risk_atr"": 2.8, ""min_risk_atr"": 0.35, ""pullback_bars"": 4, ""retrace_max"": 0.67, ""session"": ""ALL"", ""stop_buffer_atr"": 0.12, ""target_r"": 2.0}"
M15-0011,752,30.861833105335158,16,18.433246105506182,2.1638880859538427,98.58634303391818,"{""body_min"": 0.55, ""breakout_buffer_atr"": 0.0, ""impulse_atr"": 1.2, ""lookback"": 8, ""max_hold_bars"": 40, ""max_risk_atr"": 2.8, ""min_risk_atr"": 0.35, ""pullback_bars"": 2, ""retrace_max"": 0.67, ""session"": ""ALL"", ""stop_buffer_atr"": 0.12, ""target_r"": 4.0}"
M15-0349,871,35.745554035567714,13,18.398413166856404,3.8240639064114226,98.11476522283432,"{""body_min"": 0.65, ""breakout_buffer_atr"": 0.0, ""impulse_atr"": 1.2, ""lookback"": 12, ""max_hold_bars"": 40, ""max_risk_atr"": 2.8, ""min_risk_atr"": 0.35, ""pullback_bars"": 4, ""retrace_max"": 0.5, ""session"": ""ALL"", ""stop_buffer_atr"": 0.12, ""target_r"": 2.0}"
M15-0651,499,20.478796169630645,8,17.969933628835985,5.8954092515670515,95.78140949853918,"{""body_min"": 0.65, ""breakout_buffer_atr"": 0.1, ""impulse_atr"": 1.2, ""lookback"": 20, ""max_hold_bars"": 40, ""max_risk_atr"": 2.8, ""min_risk_atr"": 0.35, ""pullback_bars"": 2, ""retrace_max"": 0.5, ""session"": ""ALL"", ""stop_buffer_atr"": 0.12, ""target_r"": 3.0}"
M15-0631,547,22.448700410396718,9,17.64185370326105,9.63456668175192,95.07890827205874,"{""body_min"": 0.65, ""breakout_buffer_atr"": 0.0, ""impulse_atr"": 1.2, ""lookback"": 20, ""max_hold_bars"": 40, ""max_risk_atr"": 2.8, ""min_risk_atr"": 0.35, ""pullback_bars"": 2, ""retrace_max"": 0.67, ""session"": ""ALL"", ""stop_buffer_atr"": 0.12, ""target_r"": 2.0}"
M15-0325,925,37.96169630642955,15,17.591836338737203,3.0470644543177503,98.4519867251437,"{""body_min"": 0.55, ""breakout_buffer_atr"": 0.1, ""impulse_atr"": 1.2, ""lookback"": 12, ""max_hold_bars"": 40, ""max_risk_atr"": 2.8, ""min_risk_atr"": 0.35, ""pullback_bars"": 4, ""retrace_max"": 0.5, ""session"": ""ALL"", ""stop_buffer_atr"": 0.12, ""target_r"": 2.0}"
M15-0143,643,26.388508891928865,8,17.43943018490773,7.297247422992961,95.36293921497118,"{""body_min"": 0.55, ""breakout_buffer_atr"": 0.1, ""impulse_atr"": 1.5, ""lookback"": 8, ""max_hold_bars"": 40, ""max_risk_atr"": 2.8, ""min_risk_atr"": 0.35, ""pullback_bars"": 4, ""retrace_max"": 0.67, ""session"": ""ALL"", ""stop_buffer_atr"": 0.12, ""target_r"": 4.0}"
M15-0381,781,32.05198358413133,12,17.429770202761105,1.3281859518023345,98.86052158300733,"{""body_min"": 0.65, ""breakout_buffer_atr"": 0.1, ""impulse_atr"": 1.2, ""lookback"": 12, ""max_hold_bars"": 40, ""max_risk_atr"": 2.8, ""min_risk_atr"": 0.35, ""pullback_bars"": 4, ""retrace_max"": 0.67, ""session"": ""ALL"", ""stop_buffer_atr"": 0.12, ""target_r"": 3.0}"
M15-0341,606,24.870041039671683,11,17.221118567025528,2.630917658883,98.22408070577036,"{""body_min"": 0.65, ""breakout_buffer_atr"": 0.0, ""impulse_atr"": 1.2, ""lookback"": 12, ""max_hold_bars"": 40, ""max_risk_atr"": 2.8, ""min_risk_atr"": 0.35, ""pullback_bars"": 2, ""retrace_max"": 0.5, ""session"": ""ALL"", ""stop_buffer_atr"": 0.12, ""target_r"": 4.0}"
M15-0101,499,20.478796169630645,8,17.151307056900105,9.044212440940356,94.0031663416355,"{""body_min"": 0.55, ""breakout_buffer_atr"": 0.0, ""impulse_atr"": 1.5, ""lookback"": 8, ""max_hold_bars"": 40, ""max_risk_atr"": 2.8, ""min_risk_atr"": 0.35, ""pullback_bars"": 2, ""retrace_max"": 0.5, ""session"": ""ALL"", ""stop_buffer_atr"": 0.12, ""target_r"": 4.0}"
M15-0107,499,20.478796169630645,8,17.151307056900105,9.044212440940356,94.0031663416355,"{""body_min"": 0.55, ""breakout_buffer_atr"": 0.0, ""impulse_atr"": 1.5, ""lookback"": 8, ""max_hold_bars"": 40, ""max_risk_atr"": 2.8, ""min_risk_atr"": 0.35, ""pullback_bars"": 2, ""retrace_max"": 0.67, ""session"": ""ALL"", ""stop_buffer_atr"": 0.12, ""target_r"": 4.0}"
M15-0383,755,30.98495212038304,12,16.925490798893122,2.3943590573232534,98.08423451576542,"{""body_min"": 0.65, ""breakout_buffer_atr"": 0.1, ""impulse_atr"": 1.2, ""lookback"": 12, ""max_hold_bars"": 40, ""max_risk_atr"": 2.8, ""min_risk_atr"": 0.35, ""pullback_bars"": 4, ""retrace_max"": 0.67, ""session"": ""ALL"", ""stop_buffer_atr"": 0.12, ""target_r"": 4.0}"
M15-0657,500,20.51983584131327,8,16.86062256961471,5.5314767620833765,96.0418294418876,"{""body_min"": 0.65, ""breakout_buffer_atr"": 0.1, ""impulse_atr"": 1.2, ""lookback"": 20, ""max_hold_bars"": 40, ""max_risk_atr"": 2.8, ""min_risk_atr"": 0.35, ""pullback_bars"": 2, ""retrace_max"": 0.67, ""session"": ""ALL"", ""stop_buffer_atr"": 0.12, ""target_r"": 3.0}"
M15-0661,696,28.56361149110807,10,16.843013109569377,4.940187015955797,96.93894440113947,"{""body_min"": 0.65, ""breakout_buffer_atr"": 0.1, ""impulse_atr"": 1.2, ""lookback"": 20, ""max_hold_bars"": 40, ""max_risk_atr"": 2.8, ""min_risk_atr"": 0.35, ""pullback_bars"": 4, ""retrace_max"": 0.5, ""session"": ""ALL"", ""stop_buffer_atr"": 0.12, ""target_r"": 2.0}"
M15-0015,989,40.588235294117645,18,16.57214797485142,0.8123022891379148,99.54145036381121,"{""body_min"": 0.55, ""breakout_buffer_atr"": 0.0, ""impulse_atr"": 1.2, ""lookback"": 8, ""max_hold_bars"": 40, ""max_risk_atr"": 2.8, ""min_risk_atr"": 0.35, ""pullback_bars"": 4, ""retrace_max"": 0.5, ""session"": ""ALL"", ""stop_buffer_atr"": 0.12, ""target_r"": 3.0}"
M15-0039,953,39.11080711354309,17,16.356529978104,1.18827970580814,99.1870448897315,"{""body_min"": 0.55, ""breakout_buffer_atr"": 0.1, ""impulse_atr"": 1.2, ""lookback"": 8, ""max_hold_bars"": 40, ""max_risk_atr"": 2.8, ""min_risk_atr"": 0.35, ""pullback_bars"": 4, ""retrace_max"": 0.5, ""session"": ""ALL"", ""stop_buffer_atr"": 0.12, ""target_r"": 3.0}"
M15-0029,717,29.425444596443228,15,16.307308787708607,3.0541071022964337,98.00476752548035,"{""body_min"": 0.55, ""breakout_buffer_atr"": 0.1, ""impulse_atr"": 1.2, ""lookback"": 8, ""max_hold_bars"": 40, ""max_risk_atr"": 2.8, ""min_risk_atr"": 0.35, ""pullback_bars"": 2, ""retrace_max"": 0.5, ""session"": ""ALL"", ""stop_buffer_atr"": 0.12, ""target_r"": 4.0}"
M15-0625,546,22.40766073871409,9,16.210938564101582,8.853115505699382,95.47805366647962,"{""body_min"": 0.65, ""breakout_buffer_atr"": 0.0, ""impulse_atr"": 1.2, ""lookback"": 20, ""max_hold_bars"": 40, ""max_risk_atr"": 2.8, ""min_risk_atr"": 0.35, ""pullback_bars"": 2, ""retrace_max"": 0.5, ""session"": ""ALL"", ""stop_buffer_atr"": 0.12, ""target_r"": 2.0}"
M15-0042,565,23.187414500683996,9,16.13762221391734,5.414812807301017,96.69845919024749,"{""body_min"": 0.55, ""breakout_buffer_atr"": 0.1, ""impulse_atr"": 1.2, ""lookback"": 8, ""max_hold_bars"": 40, ""max_risk_atr"": 2.8, ""min_risk_atr"": 0.35, ""pullback_bars"": 4, ""retrace_max"": 0.5, ""session"": ""PRIMARY"", ""stop_buffer_atr"": 0.12, ""target_r"": 4.0}"
M15-0403,674,27.660738714090286,8,16.117834177422605,4.9017324761867025,97.4239320465808,"{""body_min"": 0.55, ""breakout_buffer_atr"": 0.0, ""impulse_atr"": 1.5, ""lookback"": 12, ""max_hold_bars"": 40, ""max_risk_atr"": 2.8, ""min_risk_atr"": 0.35, ""pullback_bars"": 4, ""retrace_max"": 0.67, ""session"": ""ALL"", ""stop_buffer_atr"": 0.12, ""target_r"": 2.0}"
M15-0326,539,22.120383036935703,8,15.776283961611245,8.068323178839131,96.40702736211529,"{""body_min"": 0.55, ""breakout_buffer_atr"": 0.1, ""impulse_atr"": 1.2, ""lookback"": 12, ""max_hold_bars"": 40, ""max_risk_atr"": 2.8, ""min_risk_atr"": 0.35, ""pullback_bars"": 4, ""retrace_max"": 0.5, ""session"": ""PRIMARY"", ""stop_buffer_atr"": 0.12, ""target_r"": 2.0}"
M15-0113,656,26.922024623803008,9,15.43798816234627,4.901892034725259,96.70806232782859,"{""body_min"": 0.55, ""breakout_buffer_atr"": 0.0, ""impulse_atr"": 1.5, ""lookback"": 8, ""max_hold_bars"": 40, ""max_risk_atr"": 2.8, ""min_risk_atr"": 0.35, ""pullback_bars"": 4, ""retrace_max"": 0.5, ""session"": ""ALL"", ""stop_buffer_atr"": 0.12, ""target_r"": 4.0}"
M15-0397,669,27.455540355677154,8,15.324434503223431,4.295582231129602,97.74248966449134,"{""body_min"": 0.55, ""breakout_buffer_atr"": 0.0, ""impulse_atr"": 1.5, ""lookback"": 12, ""max_hold_bars"": 40, ""max_risk_atr"": 2.8, ""min_risk_atr"": 0.35, ""pullback_bars"": 4, ""retrace_max"": 0.5, ""session"": ""ALL"", ""stop_buffer_atr"": 0.12, ""target_r"": 2.0}"
M15-0347,608,24.952120383036934,11,15.249553448117293,2.3297162318801448,98.42739737889306,"{""body_min"": 0.65, ""breakout_buffer_atr"": 0.0, ""impulse_atr"": 1.2, ""lookback"": 12, ""max_hold_bars"": 40, ""max_risk_atr"": 2.8, ""min_risk_atr"": 0.35, ""pullback_bars"": 2, ""retrace_max"": 0.67, ""session"": ""ALL"", ""stop_buffer_atr"": 0.12, ""target_r"": 4.0}"
M15-0332,543,22.284541723666212,8,15.119478095312687,8.859047987557291,96.05490306827537,"{""body_min"": 0.55, ""breakout_buffer_atr"": 0.1, ""impulse_atr"": 1.2, ""lookback"": 12, ""max_hold_bars"": 40, ""max_risk_atr"": 2.8, ""min_risk_atr"": 0.35, ""pullback_bars"": 4, ""retrace_max"": 0.67, ""session"": ""PRIMARY"", ""stop_buffer_atr"": 0.12, ""target_r"": 2.0}"
M15-0043,1037,42.55813953488372,18,14.999698769033145,2.633646196232119,98.7442861041135,"{""body_min"": 0.55, ""breakout_buffer_atr"": 0.1, ""impulse_atr"": 1.2, ""lookback"": 8, ""max_hold_bars"": 40, ""max_risk_atr"": 2.8, ""min_risk_atr"": 0.35, ""pullback_bars"": 4, ""retrace_max"": 0.67, ""session"": ""ALL"", ""stop_buffer_atr"": 0.12, ""target_r"": 2.0}"
M15-0306,526,21.58686730506156,8,14.95327051169337,5.023889750825358,97.40191629256401,"{""body_min"": 0.55, ""breakout_buffer_atr"": 0.0, ""impulse_atr"": 1.2, ""lookback"": 12, ""max_hold_bars"": 40, ""max_risk_atr"": 2.8, ""min_risk_atr"": 0.35, ""pullback_bars"": 4, ""retrace_max"": 0.5, ""session"": ""PRIMARY"", ""stop_buffer_atr"": 0.12, ""target_r"": 4.0}"
M15-0021,993,40.752393980848154,18,14.886350581171548,0.7916486196184966,99.55310948723205,"{""body_min"": 0.55, ""breakout_buffer_atr"": 0.0, ""impulse_atr"": 1.2, ""lookback"": 8, ""max_hold_bars"": 40, ""max_risk_atr"": 2.8, ""min_risk_atr"": 0.35, ""pullback_bars"": 4, ""retrace_max"": 0.67, ""session"": ""ALL"", ""stop_buffer_atr"": 0.12, ""target_r"": 3.0}"
M15-0315,657,26.963064295485637,13,14.703969171230176,1.723843437799954,98.77478809570111,"{""body_min"": 0.55, ""breakout_buffer_atr"": 0.1, ""impulse_atr"": 1.2, ""lookback"": 12, ""max_hold_bars"": 40, ""max_risk_atr"": 2.8, ""min_risk_atr"": 0.35, ""pullback_bars"": 2, ""retrace_max"": 0.5, ""session"": ""ALL"", ""stop_buffer_atr"": 0.12, ""target_r"": 3.0}"
M15-0045,957,39.2749658002736,17,14.692666268428075,1.1580664013910855,99.20771515793844,"{""body_min"": 0.55, ""breakout_buffer_atr"": 0.1, ""impulse_atr"": 1.2, ""lookback"": 8, ""max_hold_bars"": 40, ""max_risk_atr"": 2.8, ""min_risk_atr"": 0.35, ""pullback_bars"": 4, ""retrace_max"": 0.67, ""session"": ""ALL"", ""stop_buffer_atr"": 0.12, ""target_r"": 3.0}"
M15-0048,569,23.351573187414502,9,14.617291544818881,5.619303580431643,96.57377627751626,"{""body_min"": 0.55, ""breakout_buffer_atr"": 0.1, ""impulse_atr"": 1.2, ""lookback"": 8, ""max_hold_bars"": 40, ""max_risk_atr"": 2.8, ""min_risk_atr"": 0.35, ""pullback_bars"": 4, ""retrace_max"": 0.67, ""session"": ""PRIMARY"", ""stop_buffer_atr"": 0.12, ""target_r"": 4.0}"
M15-0035,719,29.507523939808483,15,14.440361465792252,2.86557247247526,98.12793623024118,"{""body_min"": 0.55, ""breakout_buffer_atr"": 0.1, ""impulse_atr"": 1.2, ""lookback"": 8, ""max_hold_bars"": 40, ""max_risk_atr"": 2.8, ""min_risk_atr"": 0.35, ""pullback_bars"": 2, ""retrace_max"": 0.67, ""session"": ""ALL"", ""stop_buffer_atr"": 0.12, ""target_r"": 4.0}"
M15-0295,737,30.24623803009576,14,14.117328123475907,6.798056884798584,97.23170745979873,"{""body_min"": 0.55, ""breakout_buffer_atr"": 0.0, ""impulse_atr"": 1.2, ""lookback"": 12, ""max_hold_bars"": 40, ""max_risk_atr"": 2.8, ""min_risk_atr"": 0.35, ""pullback_bars"": 2, ""retrace_max"": 0.67, ""session"": ""ALL"", ""stop_buffer_atr"": 0.12, ""target_r"": 2.0}"
M15-0119,660,27.086183310533517,9,13.984752615761568,4.683745815445141,96.85456162895613,"{""body_min"": 0.55, ""breakout_buffer_atr"": 0.0, ""impulse_atr"": 1.5, ""lookback"": 8, ""max_hold_bars"": 40, ""max_risk_atr"": 2.8, ""min_risk_atr"": 0.35, ""pullback_bars"": 4, ""retrace_max"": 0.67, ""session"": ""ALL"", ""stop_buffer_atr"": 0.12, ""target_r"": 4.0}"
M15-0065,857,35.17099863201094,16,13.820191738152289,2.022207400555192,98.74220005003133,"{""body_min"": 0.65, ""breakout_buffer_atr"": 0.0, ""impulse_atr"": 1.2, ""lookback"": 8, ""max_hold_bars"": 40, ""max_risk_atr"": 2.8, ""min_risk_atr"": 0.35, ""pullback_bars"": 4, ""retrace_max"": 0.5, ""session"": ""ALL"", ""stop_buffer_atr"": 0.12, ""target_r"": 4.0}"
M15-0321,658,27.004103967168263,13,13.796271015354982,1.6174279868909474,98.85042227128578,"{""body_min"": 0.55, ""breakout_buffer_atr"": 0.1, ""impulse_atr"": 1.2, ""lookback"": 12, ""max_hold_bars"": 40, ""max_risk_atr"": 2.8, ""min_risk_atr"": 0.35, ""pullback_bars"": 2, ""retrace_max"": 0.67, ""session"": ""ALL"", ""stop_buffer_atr"": 0.12, ""target_r"": 3.0}"
M15-0304,545,22.366621067031463,8,13.77812761315282,4.681365242337836,97.59490322187345,"{""body_min"": 0.55, ""breakout_buffer_atr"": 0.0, ""impulse_atr"": 1.2, ""lookback"": 12, ""max_hold_bars"": 40, ""max_risk_atr"": 2.8, ""min_risk_atr"": 0.35, ""pullback_bars"": 4, ""retrace_max"": 0.5, ""session"": ""PRIMARY"", ""stop_buffer_atr"": 0.12, ""target_r"": 3.0}"
M15-0003,772,31.682626538987687,15,13.654476487319032,0.661859615411502,99.59416467178079,"{""body_min"": 0.55, ""breakout_buffer_atr"": 0.0, ""impulse_atr"": 1.2, ""lookback"": 8, ""max_hold_bars"": 40, ""max_risk_atr"": 2.8, ""min_risk_atr"": 0.35, ""pullback_bars"": 2, ""retrace_max"": 0.5, ""session"": ""ALL"", ""stop_buffer_atr"": 0.12, ""target_r"": 3.0}"
M15-0379,837,34.35020519835842,12,13.601342699615385,4.207420624944092,97.8442438730679,"{""body_min"": 0.65, ""breakout_buffer_atr"": 0.1, ""impulse_atr"": 1.2, ""lookback"": 12, ""max_hold_bars"": 40, ""max_risk_atr"": 2.8, ""min_risk_atr"": 0.35, ""pullback_bars"": 4, ""retrace_max"": 0.67, ""session"": ""ALL"", ""stop_buffer_atr"": 0.12, ""target_r"": 2.0}"
M15-0312,530,21.751025991792066,8,13.558723646752618,5.219085388627992,97.30097167962653,"{""body_min"": 0.55, ""breakout_buffer_atr"": 0.0, ""impulse_atr"": 1.2, ""lookback"": 12, ""max_hold_bars"": 40, ""max_risk_atr"": 2.8, ""min_risk_atr"": 0.35, ""pullback_bars"": 4, ""retrace_max"": 0.67, ""session"": ""PRIMARY"", ""stop_buffer_atr"": 0.12, ""target_r"": 4.0}"
M15-0289,736,30.20519835841313,14,12.97228413455373,6.246672507797001,97.45624121753326,"{""body_min"": 0.55, ""breakout_buffer_atr"": 0.0, ""impulse_atr"": 1.2, ""lookback"": 12, ""max_hold_bars"": 40, ""max_risk_atr"": 2.8, ""min_risk_atr"": 0.35, ""pullback_bars"": 2, ""retrace_max"": 0.5, ""session"": ""ALL"", ""stop_buffer_atr"": 0.12, ""target_r"": 2.0}"
M15-0302,568,23.310533515731873,8,12.92865969000447,6.8865078005462,97.20563353780759,"{""body_min"": 0.55, ""breakout_buffer_atr"": 0.0, ""impulse_atr"": 1.2, ""lookback"": 12, ""max_hold_bars"": 40, ""max_risk_atr"": 2.8, ""min_risk_atr"": 0.35, ""pullback_bars"": 4, ""retrace_max"": 0.5, ""session"": ""PRIMARY"", ""stop_buffer_atr"": 0.12, ""target_r"": 2.0}"
M15-0009,773,31.723666210670313,15,12.811565094983434,0.6210020248275419,99.61921749763509,"{""body_min"": 0.55, ""breakout_buffer_atr"": 0.0, ""impulse_atr"": 1.2, ""lookback"": 8, ""max_hold_bars"": 40, ""max_risk_atr"": 2.8, ""min_risk_atr"": 0.35, ""pullback_bars"": 2, ""retrace_max"": 0.67, ""session"": ""ALL"", ""stop_buffer_atr"": 0.12, ""target_r"": 3.0}"
M15-0310,549,22.53077975376197,8,12.49317495663194,4.863252608420082,97.50145682418801,"{""body_min"": 0.55, ""breakout_buffer_atr"": 0.0, ""impulse_atr"": 1.2, ""lookback"": 12, ""max_hold_bars"": 40, ""max_risk_atr"": 2.8, ""min_risk_atr"": 0.35, ""pullback_bars"": 4, ""retrace_max"": 0.67, ""session"": ""PRIMARY"", ""stop_buffer_atr"": 0.12, ""target_r"": 3.0}"
M15-0308,572,23.47469220246238,8,12.390407491423636,7.561410434293501,96.9317755331976,"{""body_min"": 0.55, ""breakout_buffer_atr"": 0.0, ""impulse_atr"": 1.2, ""lookback"": 12, ""max_hold_bars"": 40, ""max_risk_atr"": 2.8, ""min_risk_atr"": 0.35, ""pullback_bars"": 4, ""retrace_max"": 0.67, ""session"": ""PRIMARY"", ""stop_buffer_atr"": 0.12, ""target_r"": 2.0}"
M15-0067,973,39.93160054719562,16,12.331649570449235,2.4180862039804714,98.74427049100096,"{""body_min"": 0.65, ""breakout_buffer_atr"": 0.0, ""impulse_atr"": 1.2, ""lookback"": 8, ""max_hold_bars"": 40, ""max_risk_atr"": 2.8, ""min_risk_atr"": 0.35, ""pullback_bars"": 4, ""retrace_max"": 0.67, ""session"": ""ALL"", ""stop_buffer_atr"": 0.12, ""target_r"": 2.0}"
M15-0019,1076,44.158686730506155,19,12.101299607458563,1.8854533297479612,99.08059568323723,"{""body_min"": 0.55, ""breakout_buffer_atr"": 0.0, ""impulse_atr"": 1.2, ""lookback"": 8, ""max_hold_bars"": 40, ""max_risk_atr"": 2.8, ""min_risk_atr"": 0.35, ""pullback_bars"": 4, ""retrace_max"": 0.67, ""session"": ""ALL"", ""stop_buffer_atr"": 0.12, ""target_r"": 2.0}"
M15-0044,619,25.403556771545826,9,12.013436991124237,6.912915709369619,97.05552344171105,"{""body_min"": 0.55, ""breakout_buffer_atr"": 0.1, ""impulse_atr"": 1.2, ""lookback"": 8, ""max_hold_bars"": 40, ""max_risk_atr"": 2.8, ""min_risk_atr"": 0.35, ""pullback_bars"": 4, ""retrace_max"": 0.67, ""session"": ""PRIMARY"", ""stop_buffer_atr"": 0.12, ""target_r"": 2.0}"
M15-0409,482,19.781121751025992,8,11.730086569559877,6.713734130986596,96.33681258134304,"{""body_min"": 0.55, ""breakout_buffer_atr"": 0.1, ""impulse_atr"": 1.5, ""lookback"": 12, ""max_hold_bars"": 40, ""max_risk_atr"": 2.8, ""min_risk_atr"": 0.35, ""pullback_bars"": 2, ""retrace_max"": 0.5, ""session"": ""ALL"", ""stop_buffer_atr"": 0.12, ""target_r"": 2.0}"
M15-0415,482,19.781121751025992,8,11.730086569559877,6.713734130986596,96.33681258134304,"{""body_min"": 0.55, ""breakout_buffer_atr"": 0.1, ""impulse_atr"": 1.5, ""lookback"": 12, ""max_hold_bars"": 40, ""max_risk_atr"": 2.8, ""min_risk_atr"": 0.35, ""pullback_bars"": 2, ""retrace_max"": 0.67, ""session"": ""ALL"", ""stop_buffer_atr"": 0.12, ""target_r"": 2.0}"
M15-0071,862,35.37619699042408,16,11.716880908589712,1.8971691166585376,98.81997305550357,"{""body_min"": 0.65, ""breakout_buffer_atr"": 0.0, ""impulse_atr"": 1.2, ""lookback"": 8, ""max_hold_bars"": 40, ""max_risk_atr"": 2.8, ""min_risk_atr"": 0.35, ""pullback_bars"": 4, ""retrace_max"": 0.67, ""session"": ""ALL"", ""stop_buffer_atr"": 0.12, ""target_r"": 4.0}"
M15-0038,614,25.198358413132695,9,11.440800427065966,5.746173215017628,97.5524839238883,"{""body_min"": 0.55, ""breakout_buffer_atr"": 0.1, ""impulse_atr"": 1.2, ""lookback"": 8, ""max_hold_bars"": 40, ""max_risk_atr"": 2.8, ""min_risk_atr"": 0.35, ""pullback_bars"": 4, ""retrace_max"": 0.5, ""session"": ""PRIMARY"", ""stop_buffer_atr"": 0.12, ""target_r"": 2.0}"
M15-0037,1031,42.31190150478796,18,11.31637634798389,1.831373538406883,99.12680708440395,"{""body_min"": 0.55, ""breakout_buffer_atr"": 0.1, ""impulse_atr"": 1.2, ""lookback"": 8, ""max_hold_bars"": 40, ""max_risk_atr"": 2.8, ""min_risk_atr"": 0.35, ""pullback_bars"": 4, ""retrace_max"": 0.5, ""session"": ""ALL"", ""stop_buffer_atr"": 0.12, ""target_r"": 2.0}"
M15-0373,832,34.14500683994528,12,11.243082764971811,3.2056360570344804,98.3575282372063,"{""body_min"": 0.65, ""breakout_buffer_atr"": 0.1, ""impulse_atr"": 1.2, ""lookback"": 12, ""max_hold_bars"": 40, ""max_risk_atr"": 2.8, ""min_risk_atr"": 0.35, ""pullback_bars"": 4, ""retrace_max"": 0.5, ""session"": ""ALL"", ""stop_buffer_atr"": 0.12, ""target_r"": 2.0}"
M15-0055,735,30.164158686730506,13,10.798385702033237,3.5755601048301373,98.66109816474328,"{""body_min"": 0.65, ""breakout_buffer_atr"": 0.0, ""impulse_atr"": 1.2, ""lookback"": 8, ""max_hold_bars"": 40, ""max_risk_atr"": 2.8, ""min_risk_atr"": 0.35, ""pullback_bars"": 2, ""retrace_max"": 0.67, ""session"": ""ALL"", ""stop_buffer_atr"": 0.12, ""target_r"": 2.0}"
M15-0339,621,25.48563611491108,11,10.734591273141634,1.636676960404851,98.86983432715323,"{""body_min"": 0.65, ""breakout_buffer_atr"": 0.0, ""impulse_atr"": 1.2, ""lookback"": 12, ""max_hold_bars"": 40, ""max_risk_atr"": 2.8, ""min_risk_atr"": 0.35, ""pullback_bars"": 2, ""retrace_max"": 0.5, ""session"": ""ALL"", ""stop_buffer_atr"": 0.12, ""target_r"": 3.0}"
M15-0091,938,38.49521203830369,15,10.671197511521914,3.009786256360326,98.43609579735971,"{""body_min"": 0.65, ""breakout_buffer_atr"": 0.1, ""impulse_atr"": 1.2, ""lookback"": 8, ""max_hold_bars"": 40, ""max_risk_atr"": 2.8, ""min_risk_atr"": 0.35, ""pullback_bars"": 4, ""retrace_max"": 0.67, ""session"": ""ALL"", ""stop_buffer_atr"": 0.12, ""target_r"": 2.0}"
M15-0655,522,21.422708618331054,8,10.65169467152563,8.167077894913495,95.82846423739709,"{""body_min"": 0.65, ""breakout_buffer_atr"": 0.1, ""impulse_atr"": 1.2, ""lookback"": 20, ""max_hold_bars"": 40, ""max_risk_atr"": 2.8, ""min_risk_atr"": 0.35, ""pullback_bars"": 2, ""retrace_max"": 0.67, ""session"": ""ALL"", ""stop_buffer_atr"": 0.12, ""target_r"": 2.0}"
M15-0343,658,27.004103967168263,11,10.35401563325111,5.207237837823884,97.98117318529023,"{""body_min"": 0.65, ""breakout_buffer_atr"": 0.0, ""impulse_atr"": 1.2, ""lookback"": 12, ""max_hold_bars"": 40, ""max_risk_atr"": 2.8, ""min_risk_atr"": 0.35, ""pullback_bars"": 2, ""retrace_max"": 0.67, ""session"": ""ALL"", ""stop_buffer_atr"": 0.12, ""target_r"": 2.0}"
M15-0040,586,24.04924760601915,9,10.287260311308959,3.842762070906631,97.47174149435729,"{""body_min"": 0.55, ""breakout_buffer_atr"": 0.1, ""impulse_atr"": 1.2, ""lookback"": 8, ""max_hold_bars"": 40, ""max_risk_atr"": 2.8, ""min_risk_atr"": 0.35, ""pullback_bars"": 4, ""retrace_max"": 0.5, ""session"": ""PRIMARY"", ""stop_buffer_atr"": 0.12, ""target_r"": 3.0}"
M15-0345,622,25.526675786593707,11,10.071928791383348,1.5356424273870826,98.93960115576463,"{""body_min"": 0.65, ""breakout_buffer_atr"": 0.0, ""impulse_atr"": 1.2, ""lookback"": 12, ""max_hold_bars"": 40, ""max_risk_atr"": 2.8, ""min_risk_atr"": 0.35, ""pullback_bars"": 2, ""retrace_max"": 0.67, ""session"": ""ALL"", ""stop_buffer_atr"": 0.12, ""target_r"": 3.0}"
M15-0049,734,30.12311901504788,13,9.922538195335777,3.2855495894368305,98.76969530754597,"{""body_min"": 0.65, ""breakout_buffer_atr"": 0.0, ""impulse_atr"": 1.2, ""lookback"": 8, ""max_hold_bars"": 40, ""max_risk_atr"": 2.8, ""min_risk_atr"": 0.35, ""pullback_bars"": 2, ""retrace_max"": 0.5, ""session"": ""ALL"", ""stop_buffer_atr"": 0.12, ""target_r"": 2.0}"
M15-0385,498,20.437756497948016,8,9.874755242129988,5.8104656390014675,96.8296592909316,"{""body_min"": 0.55, ""breakout_buffer_atr"": 0.0, ""impulse_atr"": 1.5, ""lookback"": 12, ""max_hold_bars"": 40, ""max_risk_atr"": 2.8, ""min_risk_atr"": 0.35, ""pullback_bars"": 2, ""retrace_max"": 0.5, ""session"": ""ALL"", ""stop_buffer_atr"": 0.12, ""target_r"": 2.0}"
M15-0391,498,20.437756497948016,8,9.874755242129988,5.8104656390014675,96.8296592909316,"{""body_min"": 0.55, ""breakout_buffer_atr"": 0.0, ""impulse_atr"": 1.5, ""lookback"": 12, ""max_hold_bars"": 40, ""max_risk_atr"": 2.8, ""min_risk_atr"": 0.35, ""pullback_bars"": 2, ""retrace_max"": 0.67, ""session"": ""ALL"", ""stop_buffer_atr"": 0.12, ""target_r"": 2.0}"
M15-0649,521,21.38166894664843,8,9.787745144477197,7.504653435494813,96.1668138108974,"{""body_min"": 0.65, ""breakout_buffer_atr"": 0.1, ""impulse_atr"": 1.2, ""lookback"": 20, ""max_hold_bars"": 40, ""max_risk_atr"": 2.8, ""min_risk_atr"": 0.35, ""pullback_bars"": 2, ""retrace_max"": 0.5, ""session"": ""ALL"", ""stop_buffer_atr"": 0.12, ""target_r"": 2.0}"
M15-0026,458,18.796169630642954,8,9.661199030846552,7.189402944201755,97.07070590619004,"{""body_min"": 0.55, ""breakout_buffer_atr"": 0.1, ""impulse_atr"": 1.2, ""lookback"": 8, ""max_hold_bars"": 40, ""max_risk_atr"": 2.8, ""min_risk_atr"": 0.35, ""pullback_bars"": 2, ""retrace_max"": 0.5, ""session"": ""PRIMARY"", ""stop_buffer_atr"": 0.12, ""target_r"": 2.0}"
M15-0032,458,18.796169630642954,8,9.661199030846552,7.189402944201755,97.07070590619004,"{""body_min"": 0.55, ""breakout_buffer_atr"": 0.1, ""impulse_atr"": 1.2, ""lookback"": 8, ""max_hold_bars"": 40, ""max_risk_atr"": 2.8, ""min_risk_atr"": 0.35, ""pullback_bars"": 2, ""retrace_max"": 0.67, ""session"": ""PRIMARY"", ""stop_buffer_atr"": 0.12, ""target_r"": 2.0}"
M15-0337,657,26.963064295485637,11,9.514210589522948,4.784883385696841,98.14491844137835,"{""body_min"": 0.65, ""breakout_buffer_atr"": 0.0, ""impulse_atr"": 1.2, ""lookback"": 12, ""max_hold_bars"": 40, ""max_risk_atr"": 2.8, ""min_risk_atr"": 0.35, ""pullback_bars"": 2, ""retrace_max"": 0.5, ""session"": ""ALL"", ""stop_buffer_atr"": 0.12, ""target_r"": 2.0}"
M15-0007,824,33.81668946648427,16,9.493361334971523,3.625050654849,98.5742142449663,"{""body_min"": 0.55, ""breakout_buffer_atr"": 0.0, ""impulse_atr"": 1.2, ""lookback"": 8, ""max_hold_bars"": 40, ""max_risk_atr"": 2.8, ""min_risk_atr"": 0.35, ""pullback_bars"": 2, ""retrace_max"": 0.67, ""session"": ""ALL"", ""stop_buffer_atr"": 0.12, ""target_r"": 2.0}"
M15-0053,674,27.660738714090286,13,9.483007717628222,1.8321314724372775,98.95249999097112,"{""body_min"": 0.65, ""breakout_buffer_atr"": 0.0, ""impulse_atr"": 1.2, ""lookback"": 8, ""max_hold_bars"": 40, ""max_risk_atr"": 2.8, ""min_risk_atr"": 0.35, ""pullback_bars"": 2, ""retrace_max"": 0.5, ""session"": ""ALL"", ""stop_buffer_atr"": 0.12, ""target_r"": 4.0}"
M15-0089,831,34.103967168262656,15,9.410577265640933,2.637038237924137,98.16986238957172,"{""body_min"": 0.65, ""breakout_buffer_atr"": 0.1, ""impulse_atr"": 1.2, ""lookback"": 8, ""max_hold_bars"": 40, ""max_risk_atr"": 2.8, ""min_risk_atr"": 0.35, ""pullback_bars"": 4, ""retrace_max"": 0.5, ""session"": ""ALL"", ""stop_buffer_atr"": 0.12, ""target_r"": 4.0}"
M15-0046,590,24.213406292749657,9,9.317667809113662,3.9877017787247975,97.3763816874437,"{""body_min"": 0.55, ""breakout_buffer_atr"": 0.1, ""impulse_atr"": 1.2, ""lookback"": 8, ""max_hold_bars"": 40, ""max_risk_atr"": 2.8, ""min_risk_atr"": 0.35, ""pullback_bars"": 4, ""retrace_max"": 0.67, ""session"": ""PRIMARY"", ""stop_buffer_atr"": 0.12, ""target_r"": 3.0}"
M15-0061,967,39.68536251709986,16,9.303492668716629,1.7295420777160484,99.1018363942243,"{""body_min"": 0.65, ""breakout_buffer_atr"": 0.0, ""impulse_atr"": 1.2, ""lookback"": 8, ""max_hold_bars"": 40, ""max_risk_atr"": 2.8, ""min_risk_atr"": 0.35, ""pullback_bars"": 4, ""retrace_max"": 0.5, ""session"": ""ALL"", ""stop_buffer_atr"": 0.12, ""target_r"": 2.0}"
M15-0013,1070,43.912448700410394,19,9.129707387219632,1.3110984083365602,99.36066858971971,"{""body_min"": 0.55, ""breakout_buffer_atr"": 0.0, ""impulse_atr"": 1.2, ""lookback"": 8, ""max_hold_bars"": 40, ""max_risk_atr"": 2.8, ""min_risk_atr"": 0.35, ""pullback_bars"": 4, ""retrace_max"": 0.5, ""session"": ""ALL"", ""stop_buffer_atr"": 0.12, ""target_r"": 2.0}"
M15-0001,823,33.775649794801645,16,8.723363199616239,3.331026004747489,98.6898584656016,"{""body_min"": 0.55, ""breakout_buffer_atr"": 0.0, ""impulse_atr"": 1.2, ""lookback"": 8, ""max_hold_bars"": 40, ""max_risk_atr"": 2.8, ""min_risk_atr"": 0.35, ""pullback_bars"": 2, ""retrace_max"": 0.5, ""session"": ""ALL"", ""stop_buffer_atr"": 0.12, ""target_r"": 2.0}"
M15-0002,481,19.740082079343367,8,8.43707635828997,4.806877196746348,97.99874801443539,"{""body_min"": 0.55, ""breakout_buffer_atr"": 0.0, ""impulse_atr"": 1.2, ""lookback"": 8, ""max_hold_bars"": 40, ""max_risk_atr"": 2.8, ""min_risk_atr"": 0.35, ""pullback_bars"": 2, ""retrace_max"": 0.5, ""session"": ""PRIMARY"", ""stop_buffer_atr"": 0.12, ""target_r"": 2.0}"
M15-0008,481,19.740082079343367,8,8.43707635828997,4.806877196746348,97.99874801443539,"{""body_min"": 0.55, ""breakout_buffer_atr"": 0.0, ""impulse_atr"": 1.2, ""lookback"": 8, ""max_hold_bars"": 40, ""max_risk_atr"": 2.8, ""min_risk_atr"": 0.35, ""pullback_bars"": 2, ""retrace_max"": 0.67, ""session"": ""PRIMARY"", ""stop_buffer_atr"": 0.12, ""target_r"": 2.0}"
M15-0018,587,24.09028727770178,9,8.42809372986677,2.803221252235061,98.46817498168609,"{""body_min"": 0.55, ""breakout_buffer_atr"": 0.0, ""impulse_atr"": 1.2, ""lookback"": 8, ""max_hold_bars"": 40, ""max_risk_atr"": 2.8, ""min_risk_atr"": 0.35, ""pullback_bars"": 4, ""retrace_max"": 0.5, ""session"": ""PRIMARY"", ""stop_buffer_atr"": 0.12, ""target_r"": 4.0}"
M15-0059,676,27.74281805745554,13,8.397342627660562,1.6223793305974434,99.07242335552026,"{""body_min"": 0.65, ""breakout_buffer_atr"": 0.0, ""impulse_atr"": 1.2, ""lookback"": 8, ""max_hold_bars"": 40, ""max_risk_atr"": 2.8, ""min_risk_atr"": 0.35, ""pullback_bars"": 2, ""retrace_max"": 0.67, ""session"": ""ALL"", ""stop_buffer_atr"": 0.12, ""target_r"": 4.0}"
M15-0085,932,38.24897400820793,15,8.050780817902748,2.0929321918961414,98.9124990374879,"{""body_min"": 0.65, ""breakout_buffer_atr"": 0.1, ""impulse_atr"": 1.2, ""lookback"": 8, ""max_hold_bars"": 40, ""max_risk_atr"": 2.8, ""min_risk_atr"": 0.35, ""pullback_bars"": 4, ""retrace_max"": 0.5, ""session"": ""ALL"", ""stop_buffer_atr"": 0.12, ""target_r"": 2.0}"
M15-0020,641,26.30642954856361,9,8.01464182138591,3.9022962428574983,98.2446868571468,"{""body_min"": 0.55, ""breakout_buffer_atr"": 0.0, ""impulse_atr"": 1.2, ""lookback"": 8, ""max_hold_bars"": 40, ""max_risk_atr"": 2.8, ""min_risk_atr"": 0.35, ""pullback_bars"": 4, ""retrace_max"": 0.67, ""session"": ""PRIMARY"", ""stop_buffer_atr"": 0.12, ""target_r"": 2.0}"
M15-0095,836,34.309165526675784,15,7.978370719575731,2.4739833822503963,98.28302450441704,"{""body_min"": 0.65, ""breakout_buffer_atr"": 0.1, ""impulse_atr"": 1.2, ""lookback"": 8, ""max_hold_bars"": 40, ""max_risk_atr"": 2.8, ""min_risk_atr"": 0.35, ""pullback_bars"": 4, ""retrace_max"": 0.67, ""session"": ""ALL"", ""stop_buffer_atr"": 0.12, ""target_r"": 4.0}"
M15-0319,700,28.72777017783858,14,7.822807161635781,5.2356087286930455,97.66153697353421,"{""body_min"": 0.55, ""breakout_buffer_atr"": 0.1, ""impulse_atr"": 1.2, ""lookback"": 12, ""max_hold_bars"": 40, ""max_risk_atr"": 2.8, ""min_risk_atr"": 0.35, ""pullback_bars"": 2, ""retrace_max"": 0.67, ""session"": ""ALL"", ""stop_buffer_atr"": 0.12, ""target_r"": 2.0}"
M15-0024,591,24.254445964432286,9,7.634080261853975,2.9090850930594114,98.41032550591594,"{""body_min"": 0.55, ""breakout_buffer_atr"": 0.0, ""impulse_atr"": 1.2, ""lookback"": 8, ""max_hold_bars"": 40, ""max_risk_atr"": 2.8, ""min_risk_atr"": 0.35, ""pullback_bars"": 4, ""retrace_max"": 0.67, ""session"": ""PRIMARY"", ""stop_buffer_atr"": 0.12, ""target_r"": 4.0}"
M15-0014,636,26.10123119015048,9,7.632613184772845,3.5232533937029453,98.41518618713573,"{""body_min"": 0.55, ""breakout_buffer_atr"": 0.0, ""impulse_atr"": 1.2, ""lookback"": 8, ""max_hold_bars"": 40, ""max_risk_atr"": 2.8, ""min_risk_atr"": 0.35, ""pullback_bars"": 4, ""retrace_max"": 0.5, ""session"": ""PRIMARY"", ""stop_buffer_atr"": 0.12, ""target_r"": 2.0}"
M15-0163,666,27.332421340629274,8,7.251945328932292,3.042540278647432,98.33238165507717,"{""body_min"": 0.65, ""breakout_buffer_atr"": 0.0, ""impulse_atr"": 1.5, ""lookback"": 8, ""max_hold_bars"": 40, ""max_risk_atr"": 2.8, ""min_risk_atr"": 0.35, ""pullback_bars"": 4, ""retrace_max"": 0.67, ""session"": ""ALL"", ""stop_buffer_atr"": 0.12, ""target_r"": 2.0}"
M15-0099,515,21.135430916552668,8,7.228741147994383,4.324239933382117,97.06691800396577,"{""body_min"": 0.55, ""breakout_buffer_atr"": 0.0, ""impulse_atr"": 1.5, ""lookback"": 8, ""max_hold_bars"": 40, ""max_risk_atr"": 2.8, ""min_risk_atr"": 0.35, ""pullback_bars"": 2, ""retrace_max"": 0.5, ""session"": ""ALL"", ""stop_buffer_atr"": 0.12, ""target_r"": 3.0}"
M15-0105,515,21.135430916552668,8,7.228741147994383,4.324239933382117,97.06691800396577,"{""body_min"": 0.55, ""breakout_buffer_atr"": 0.0, ""impulse_atr"": 1.5, ""lookback"": 8, ""max_hold_bars"": 40, ""max_risk_atr"": 2.8, ""min_risk_atr"": 0.35, ""pullback_bars"": 2, ""retrace_max"": 0.67, ""session"": ""ALL"", ""stop_buffer_atr"": 0.12, ""target_r"": 3.0}"
M15-0313,699,28.68673050615595,14,7.188306196681019,4.810953138718535,97.85120763984952,"{""body_min"": 0.55, ""breakout_buffer_atr"": 0.1, ""impulse_atr"": 1.2, ""lookback"": 12, ""max_hold_bars"": 40, ""max_risk_atr"": 2.8, ""min_risk_atr"": 0.35, ""pullback_bars"": 2, ""retrace_max"": 0.5, ""session"": ""ALL"", ""stop_buffer_atr"": 0.12, ""target_r"": 2.0}"
M15-0365,577,23.679890560875513,11,7.000239848805808,2.164647817170988,98.50281436296952,"{""body_min"": 0.65, ""breakout_buffer_atr"": 0.1, ""impulse_atr"": 1.2, ""lookback"": 12, ""max_hold_bars"": 40, ""max_risk_atr"": 2.8, ""min_risk_atr"": 0.35, ""pullback_bars"": 2, ""retrace_max"": 0.5, ""session"": ""ALL"", ""stop_buffer_atr"": 0.12, ""target_r"": 4.0}"
M15-0027,737,30.24623803009576,14,6.992102543111636,0.8886687943402927,99.455091104773,"{""body_min"": 0.55, ""breakout_buffer_atr"": 0.1, ""impulse_atr"": 1.2, ""lookback"": 8, ""max_hold_bars"": 40, ""max_risk_atr"": 2.8, ""min_risk_atr"": 0.35, ""pullback_bars"": 2, ""retrace_max"": 0.5, ""session"": ""ALL"", ""stop_buffer_atr"": 0.12, ""target_r"": 3.0}"
M15-0063,897,36.81258549931601,16,6.941946712460701,0.8078886021257047,99.49215935783177,"{""body_min"": 0.65, ""breakout_buffer_atr"": 0.0, ""impulse_atr"": 1.2, ""lookback"": 8, ""max_hold_bars"": 40, ""max_risk_atr"": 2.8, ""min_risk_atr"": 0.35, ""pullback_bars"": 4, ""retrace_max"": 0.5, ""session"": ""ALL"", ""stop_buffer_atr"": 0.12, ""target_r"": 3.0}"
M15-0031,787,32.29822161422709,15,6.889075142271726,3.855791728870128,98.48346038584424,"{""body_min"": 0.55, ""breakout_buffer_atr"": 0.1, ""impulse_atr"": 1.2, ""lookback"": 8, ""max_hold_bars"": 40, ""max_risk_atr"": 2.8, ""min_risk_atr"": 0.35, ""pullback_bars"": 2, ""retrace_max"": 0.67, ""session"": ""ALL"", ""stop_buffer_atr"": 0.12, ""target_r"": 2.0}"
M15-0135,663,27.209302325581394,8,6.8693110279039455,2.6861429995346846,98.0140026207511,"{""body_min"": 0.55, ""breakout_buffer_atr"": 0.1, ""impulse_atr"": 1.5, ""lookback"": 8, ""max_hold_bars"": 40, ""max_risk_atr"": 2.8, ""min_risk_atr"": 0.35, ""pullback_bars"": 4, ""retrace_max"": 0.5, ""session"": ""ALL"", ""stop_buffer_atr"": 0.12, ""target_r"": 3.0}"
M15-0016,608,24.952120383036934,9,6.772039834892999,2.116619085440019,98.85094324527104,"{""body_min"": 0.55, ""breakout_buffer_atr"": 0.0, ""impulse_atr"": 1.2, ""lookback"": 8, ""max_hold_bars"": 40, ""max_risk_atr"": 2.8, ""min_risk_atr"": 0.35, ""pullback_bars"": 4, ""retrace_max"": 0.5, ""session"": ""PRIMARY"", ""stop_buffer_atr"": 0.12, ""target_r"": 3.0}"
M15-0033,738,30.287277701778386,14,6.560469525511823,0.8338099316473002,99.48872915131388,"{""body_min"": 0.55, ""breakout_buffer_atr"": 0.1, ""impulse_atr"": 1.2, ""lookback"": 8, ""max_hold_bars"": 40, ""max_risk_atr"": 2.8, ""min_risk_atr"": 0.35, ""pullback_bars"": 2, ""retrace_max"": 0.67, ""session"": ""ALL"", ""stop_buffer_atr"": 0.12, ""target_r"": 3.0}"
M15-0111,683,28.030095759233927,9,6.386651748466485,2.2037447226118636,98.37066334726077,"{""body_min"": 0.55, ""breakout_buffer_atr"": 0.0, ""impulse_atr"": 1.5, ""lookback"": 8, ""max_hold_bars"": 40, ""max_risk_atr"": 2.8, ""min_risk_atr"": 0.35, ""pullback_bars"": 4, ""retrace_max"": 0.5, ""session"": ""ALL"", ""stop_buffer_atr"": 0.12, ""target_r"": 3.0}"
M15-0025,786,32.25718194254446,15,6.330308354966299,3.5430518744824786,98.60646557166716,"{""body_min"": 0.55, ""breakout_buffer_atr"": 0.1, ""impulse_atr"": 1.2, ""lookback"": 8, ""max_hold_bars"": 40, ""max_risk_atr"": 2.8, ""min_risk_atr"": 0.35, ""pullback_bars"": 2, ""retrace_max"": 0.5, ""session"": ""ALL"", ""stop_buffer_atr"": 0.12, ""target_r"": 2.0}"
M15-0157,660,27.086183310533517,8,6.292938909593407,2.5030518092422787,98.6280756430149,"{""body_min"": 0.65, ""breakout_buffer_atr"": 0.0, ""impulse_atr"": 1.5, ""lookback"": 8, ""max_hold_bars"": 40, ""max_risk_atr"": 2.8, ""min_risk_atr"": 0.35, ""pullback_bars"": 4, ""retrace_max"": 0.5, ""session"": ""ALL"", ""stop_buffer_atr"": 0.12, ""target_r"": 2.0}"
M15-0030,427,17.523939808481533,8,6.282731829995713,2.3600687883408225,98.53508085349085,"{""body_min"": 0.55, ""breakout_buffer_atr"": 0.1, ""impulse_atr"": 1.2, ""lookback"": 8, ""max_hold_bars"": 40, ""max_risk_atr"": 2.8, ""min_risk_atr"": 0.35, ""pullback_bars"": 2, ""retrace_max"": 0.5, ""session"": ""PRIMARY"", ""stop_buffer_atr"": 0.12, ""target_r"": 4.0}"
M15-0036,427,17.523939808481533,8,6.282731829995713,2.3600687883408225,98.53508085349085,"{""body_min"": 0.55, ""breakout_buffer_atr"": 0.1, ""impulse_atr"": 1.2, ""lookback"": 8, ""max_hold_bars"": 40, ""max_risk_atr"": 2.8, ""min_risk_atr"": 0.35, ""pullback_bars"": 2, ""retrace_max"": 0.67, ""session"": ""PRIMARY"", ""stop_buffer_atr"": 0.12, ""target_r"": 4.0}"
M15-0069,901,36.97674418604651,16,6.235779009113495,0.7579000935640265,99.52358224982729,"{""body_min"": 0.65, ""breakout_buffer_atr"": 0.0, ""impulse_atr"": 1.2, ""lookback"": 8, ""max_hold_bars"": 40, ""max_risk_atr"": 2.8, ""min_risk_atr"": 0.35, ""pullback_bars"": 4, ""retrace_max"": 0.67, ""session"": ""ALL"", ""stop_buffer_atr"": 0.12, ""target_r"": 3.0}"
M15-0141,667,27.3734610123119,8,6.222392383489557,2.5664856143350296,98.10247119947363,"{""body_min"": 0.55, ""breakout_buffer_atr"": 0.1, ""impulse_atr"": 1.5, ""lookback"": 8, ""max_hold_bars"": 40, ""max_risk_atr"": 2.8, ""min_risk_atr"": 0.35, ""pullback_bars"": 4, ""retrace_max"": 0.67, ""session"": ""ALL"", ""stop_buffer_atr"": 0.12, ""target_r"": 3.0}"
M15-0371,579,23.761969904240765,11,6.198815211016977,1.9168274381146075,98.67422012659695,"{""body_min"": 0.65, ""breakout_buffer_atr"": 0.1, ""impulse_atr"": 1.2, ""lookback"": 12, ""max_hold_bars"": 40, ""max_risk_atr"": 2.8, ""min_risk_atr"": 0.35, ""pullback_bars"": 2, ""retrace_max"": 0.67, ""session"": ""ALL"", ""stop_buffer_atr"": 0.12, ""target_r"": 4.0}"
M15-0022,612,25.11627906976744,9,6.133763087753438,2.022160827675933,98.90222214560335,"{""body_min"": 0.55, ""breakout_buffer_atr"": 0.0, ""impulse_atr"": 1.2, ""lookback"": 8, ""max_hold_bars"": 40, ""max_risk_atr"": 2.8, ""min_risk_atr"": 0.35, ""pullback_bars"": 4, ""retrace_max"": 0.67, ""session"": ""PRIMARY"", ""stop_buffer_atr"": 0.12, ""target_r"": 3.0}"
M15-0079,703,28.850889192886456,12,6.0045267975724785,3.5668165898893003,98.66437225547526,"{""body_min"": 0.65, ""breakout_buffer_atr"": 0.1, ""impulse_atr"": 1.2, ""lookback"": 8, ""max_hold_bars"": 40, ""max_risk_atr"": 2.8, ""min_risk_atr"": 0.35, ""pullback_bars"": 2, ""retrace_max"": 0.67, ""session"": ""ALL"", ""stop_buffer_atr"": 0.12, ""target_r"": 2.0}"
M15-0117,687,28.194254445964432,9,5.7851876315148125,2.1055763335123454,98.44324405629618,"{""body_min"": 0.55, ""breakout_buffer_atr"": 0.0, ""impulse_atr"": 1.5, ""lookback"": 8, ""max_hold_bars"": 40, ""max_risk_atr"": 2.8, ""min_risk_atr"": 0.35, ""pullback_bars"": 4, ""retrace_max"": 0.67, ""session"": ""ALL"", ""stop_buffer_atr"": 0.12, ""target_r"": 3.0}"
M15-0051,693,28.440492476060193,13,5.575583597554354,0.8688904823743516,99.46961992850963,"{""body_min"": 0.65, ""breakout_buffer_atr"": 0.0, ""impulse_atr"": 1.2, ""lookback"": 8, ""max_hold_bars"": 40, ""max_risk_atr"": 2.8, ""min_risk_atr"": 0.35, ""pullback_bars"": 2, ""retrace_max"": 0.5, ""session"": ""ALL"", ""stop_buffer_atr"": 0.12, ""target_r"": 3.0}"
M15-0073,702,28.80984952120383,12,5.517504943596506,3.2775152532540086,98.77270383967655,"{""body_min"": 0.65, ""breakout_buffer_atr"": 0.1, ""impulse_atr"": 1.2, ""lookback"": 8, ""max_hold_bars"": 40, ""max_risk_atr"": 2.8, ""min_risk_atr"": 0.35, ""pullback_bars"": 2, ""retrace_max"": 0.5, ""session"": ""ALL"", ""stop_buffer_atr"": 0.12, ""target_r"": 2.0}"
M15-0121,524,21.504787961696305,8,5.485532071283059,4.0138130780614825,97.80995951261554,"{""body_min"": 0.55, ""breakout_buffer_atr"": 0.1, ""impulse_atr"": 1.5, ""lookback"": 8, ""max_hold_bars"": 40, ""max_risk_atr"": 2.8, ""min_risk_atr"": 0.35, ""pullback_bars"": 2, ""retrace_max"": 0.5, ""session"": ""ALL"", ""stop_buffer_atr"": 0.12, ""target_r"": 2.0}"
M15-0127,524,21.504787961696305,8,5.485532071283059,4.0138130780614825,97.80995951261554,"{""body_min"": 0.55, ""breakout_buffer_atr"": 0.1, ""impulse_atr"": 1.5, ""lookback"": 8, ""max_hold_bars"": 40, ""max_risk_atr"": 2.8, ""min_risk_atr"": 0.35, ""pullback_bars"": 2, ""retrace_max"": 0.67, ""session"": ""ALL"", ""stop_buffer_atr"": 0.12, ""target_r"": 2.0}"
M15-0087,865,35.499316005471954,15,5.2967913341363255,1.0053893384606734,99.23406933403241,"{""body_min"": 0.65, ""breakout_buffer_atr"": 0.1, ""impulse_atr"": 1.2, ""lookback"": 8, ""max_hold_bars"": 40, ""max_risk_atr"": 2.8, ""min_risk_atr"": 0.35, ""pullback_bars"": 4, ""retrace_max"": 0.5, ""session"": ""ALL"", ""stop_buffer_atr"": 0.12, ""target_r"": 3.0}"
M15-0139,714,29.302325581395348,9,5.241494865470849,2.4003588388151416,98.6385984372334,"{""body_min"": 0.55, ""breakout_buffer_atr"": 0.1, ""impulse_atr"": 1.5, ""lookback"": 8, ""max_hold_bars"": 40, ""max_risk_atr"": 2.8, ""min_risk_atr"": 0.35, ""pullback_bars"": 4, ""retrace_max"": 0.67, ""session"": ""ALL"", ""stop_buffer_atr"": 0.12, ""target_r"": 2.0}"
M15-0057,694,28.48153214774282,13,5.2313944272362916,0.8152525646581021,99.50236108888603,"{""body_min"": 0.65, ""breakout_buffer_atr"": 0.0, ""impulse_atr"": 1.2, ""lookback"": 8, ""max_hold_bars"": 40, ""max_risk_atr"": 2.8, ""min_risk_atr"": 0.35, ""pullback_bars"": 2, ""retrace_max"": 0.67, ""session"": ""ALL"", ""stop_buffer_atr"": 0.12, ""target_r"": 3.0}"
M15-0077,643,26.388508891928865,12,5.211064713041322,2.0394140757996926,98.83398855652433,"{""body_min"": 0.65, ""breakout_buffer_atr"": 0.1, ""impulse_atr"": 1.2, ""lookback"": 8, ""max_hold_bars"": 40, ""max_risk_atr"": 2.8, ""min_risk_atr"": 0.35, ""pullback_bars"": 2, ""retrace_max"": 0.5, ""session"": ""ALL"", ""stop_buffer_atr"": 0.12, ""target_r"": 4.0}"
M15-0028,443,18.180574555403556,8,5.009308421062991,1.8731152665511668,98.7978413884573,"{""body_min"": 0.55, ""breakout_buffer_atr"": 0.1, ""impulse_atr"": 1.2, ""lookback"": 8, ""max_hold_bars"": 40, ""max_risk_atr"": 2.8, ""min_risk_atr"": 0.35, ""pullback_bars"": 2, ""retrace_max"": 0.5, ""session"": ""PRIMARY"", ""stop_buffer_atr"": 0.12, ""target_r"": 3.0}"
M15-0034,443,18.180574555403556,8,5.009308421062991,1.8731152665511668,98.7978413884573,"{""body_min"": 0.55, ""breakout_buffer_atr"": 0.1, ""impulse_atr"": 1.2, ""lookback"": 8, ""max_hold_bars"": 40, ""max_risk_atr"": 2.8, ""min_risk_atr"": 0.35, ""pullback_bars"": 2, ""retrace_max"": 0.67, ""session"": ""PRIMARY"", ""stop_buffer_atr"": 0.12, ""target_r"": 3.0}"
M15-0097,542,22.243502051983583,9,4.923708157377959,3.5060386253176925,98.08701441984242,"{""body_min"": 0.55, ""breakout_buffer_atr"": 0.0, ""impulse_atr"": 1.5, ""lookback"": 8, ""max_hold_bars"": 40, ""max_risk_atr"": 2.8, ""min_risk_atr"": 0.35, ""pullback_bars"": 2, ""retrace_max"": 0.5, ""session"": ""ALL"", ""stop_buffer_atr"": 0.12, ""target_r"": 2.0}"
M15-0103,542,22.243502051983583,9,4.923708157377959,3.5060386253176925,98.08701441984242,"{""body_min"": 0.55, ""breakout_buffer_atr"": 0.0, ""impulse_atr"": 1.5, ""lookback"": 8, ""max_hold_bars"": 40, ""max_risk_atr"": 2.8, ""min_risk_atr"": 0.35, ""pullback_bars"": 2, ""retrace_max"": 0.67, ""session"": ""ALL"", ""stop_buffer_atr"": 0.12, ""target_r"": 2.0}"
M15-0093,869,35.66347469220246,15,4.757976628915019,0.943180373733081,99.28146167445242,"{""body_min"": 0.65, ""breakout_buffer_atr"": 0.1, ""impulse_atr"": 1.2, ""lookback"": 8, ""max_hold_bars"": 40, ""max_risk_atr"": 2.8, ""min_risk_atr"": 0.35, ""pullback_bars"": 4, ""retrace_max"": 0.67, ""session"": ""ALL"", ""stop_buffer_atr"": 0.12, ""target_r"": 3.0}"
M15-0083,645,26.470588235294116,12,4.614474347518961,1.8059311206009454,98.96747973953066,"{""body_min"": 0.65, ""breakout_buffer_atr"": 0.1, ""impulse_atr"": 1.2, ""lookback"": 8, ""max_hold_bars"": 40, ""max_risk_atr"": 2.8, ""min_risk_atr"": 0.35, ""pullback_bars"": 2, ""retrace_max"": 0.67, ""session"": ""ALL"", ""stop_buffer_atr"": 0.12, ""target_r"": 4.0}"
M15-0133,708,29.05608755129959,9,4.548352957345295,1.9747388642617758,98.87999555216963,"{""body_min"": 0.55, ""breakout_buffer_atr"": 0.1, ""impulse_atr"": 1.5, ""lookback"": 8, ""max_hold_bars"": 40, ""max_risk_atr"": 2.8, ""min_risk_atr"": 0.35, ""pullback_bars"": 4, ""retrace_max"": 0.5, ""session"": ""ALL"", ""stop_buffer_atr"": 0.12, ""target_r"": 2.0}"
M15-0367,627,25.73187414500684,11,4.065539885309274,3.117211106037346,98.6744564475092,"{""body_min"": 0.65, ""breakout_buffer_atr"": 0.1, ""impulse_atr"": 1.2, ""lookback"": 12, ""max_hold_bars"": 40, ""max_risk_atr"": 2.8, ""min_risk_atr"": 0.35, ""pullback_bars"": 2, ""retrace_max"": 0.67, ""session"": ""ALL"", ""stop_buffer_atr"": 0.12, ""target_r"": 2.0}"
M15-0363,592,24.29548563611491,11,4.053174418692231,1.3408697962874103,99.05127971582354,"{""body_min"": 0.65, ""breakout_buffer_atr"": 0.1, ""impulse_atr"": 1.2, ""lookback"": 12, ""max_hold_bars"": 40, ""max_risk_atr"": 2.8, ""min_risk_atr"": 0.35, ""pullback_bars"": 2, ""retrace_max"": 0.5, ""session"": ""ALL"", ""stop_buffer_atr"": 0.12, ""target_r"": 3.0}"
M15-0004,466,19.124487004103965,8,3.895931622378034,0.9758671692576872,99.37369197603894,"{""body_min"": 0.55, ""breakout_buffer_atr"": 0.0, ""impulse_atr"": 1.2, ""lookback"": 8, ""max_hold_bars"": 40, ""max_risk_atr"": 2.8, ""min_risk_atr"": 0.35, ""pullback_bars"": 2, ""retrace_max"": 0.5, ""session"": ""PRIMARY"", ""stop_buffer_atr"": 0.12, ""target_r"": 3.0}"
M15-0010,466,19.124487004103965,8,3.895931622378034,0.9758671692576872,99.37369197603894,"{""body_min"": 0.55, ""breakout_buffer_atr"": 0.0, ""impulse_atr"": 1.2, ""lookback"": 8, ""max_hold_bars"": 40, ""max_risk_atr"": 2.8, ""min_risk_atr"": 0.35, ""pullback_bars"": 2, ""retrace_max"": 0.67, ""session"": ""PRIMARY"", ""stop_buffer_atr"": 0.12, ""target_r"": 3.0}"
M15-0369,593,24.336525307797537,11,3.8029658591907634,1.2580958848907349,99.10984564740025,"{""body_min"": 0.65, ""breakout_buffer_atr"": 0.1, ""impulse_atr"": 1.2, ""lookback"": 12, ""max_hold_bars"": 40, ""max_risk_atr"": 2.8, ""min_risk_atr"": 0.35, ""pullback_bars"": 2, ""retrace_max"": 0.67, ""session"": ""ALL"", ""stop_buffer_atr"": 0.12, ""target_r"": 3.0}"
M15-0361,626,25.690834473324212,11,3.735787543599839,2.864376872253836,98.7819701118201,"{""body_min"": 0.65, ""breakout_buffer_atr"": 0.1, ""impulse_atr"": 1.2, ""lookback"": 12, ""max_hold_bars"": 40, ""max_risk_atr"": 2.8, ""min_risk_atr"": 0.35, ""pullback_bars"": 2, ""retrace_max"": 0.5, ""session"": ""ALL"", ""stop_buffer_atr"": 0.12, ""target_r"": 2.0}"
M15-0115,734,30.12311901504788,10,3.6744572761138197,1.6487055390809375,99.01550001240797,"{""body_min"": 0.55, ""breakout_buffer_atr"": 0.0, ""impulse_atr"": 1.5, ""lookback"": 8, ""max_hold_bars"": 40, ""max_risk_atr"": 2.8, ""min_risk_atr"": 0.35, ""pullback_bars"": 4, ""retrace_max"": 0.67, ""session"": ""ALL"", ""stop_buffer_atr"": 0.12, ""target_r"": 2.0}"
M15-0006,450,18.467852257181942,8,3.631669529875462,1.2831507817989887,99.20353501669035,"{""body_min"": 0.55, ""breakout_buffer_atr"": 0.0, ""impulse_atr"": 1.2, ""lookback"": 8, ""max_hold_bars"": 40, ""max_risk_atr"": 2.8, ""min_risk_atr"": 0.35, ""pullback_bars"": 2, ""retrace_max"": 0.5, ""session"": ""PRIMARY"", ""stop_buffer_atr"": 0.12, ""target_r"": 4.0}"
M15-0012,450,18.467852257181942,8,3.631669529875462,1.2831507817989887,99.20353501669035,"{""body_min"": 0.55, ""breakout_buffer_atr"": 0.0, ""impulse_atr"": 1.2, ""lookback"": 8, ""max_hold_bars"": 40, ""max_risk_atr"": 2.8, ""min_risk_atr"": 0.35, ""pullback_bars"": 2, ""retrace_max"": 0.67, ""session"": ""PRIMARY"", ""stop_buffer_atr"": 0.12, ""target_r"": 4.0}"
M15-0109,728,29.87688098495212,10,3.188542400098291,1.3563650780455405,99.1900667700489,"{""body_min"": 0.55, ""breakout_buffer_atr"": 0.0, ""impulse_atr"": 1.5, ""lookback"": 8, ""max_hold_bars"": 40, ""max_risk_atr"": 2.8, ""min_risk_atr"": 0.35, ""pullback_bars"": 4, ""retrace_max"": 0.5, ""session"": ""ALL"", ""stop_buffer_atr"": 0.12, ""target_r"": 2.0}"
M15-0075,661,27.127222982216143,12,2.54823447138711,1.0244457419799047,99.37466732932262,"{""body_min"": 0.65, ""breakout_buffer_atr"": 0.1, ""impulse_atr"": 1.2, ""lookback"": 8, ""max_hold_bars"": 40, ""max_risk_atr"": 2.8, ""min_risk_atr"": 0.35, ""pullback_bars"": 2, ""retrace_max"": 0.5, ""session"": ""ALL"", ""stop_buffer_atr"": 0.12, ""target_r"": 3.0}"
M15-0081,662,27.16826265389877,12,2.390928120735791,0.9612051638774439,99.4132700566116,"{""body_min"": 0.65, ""breakout_buffer_atr"": 0.1, ""impulse_atr"": 1.2, ""lookback"": 8, ""max_hold_bars"": 40, ""max_risk_atr"": 2.8, ""min_risk_atr"": 0.35, ""pullback_bars"": 2, ""retrace_max"": 0.67, ""session"": ""ALL"", ""stop_buffer_atr"": 0.12, ""target_r"": 3.0}"
