signal_i,signal_time,entry_i,entry_time,direction,entry,stop,risk,target,target_r,impulse_i,impulse_time,broken_level,risk_atr,exit_time,gross_r,net_r,reason,pnl_rm,balance_rm
5976,2026-01-02 08:15:00+00:00,5977,2026-01-02 08:15:00+00:00,1,4384.498,4374.355111388867,10.142888611132548,4414.926665833397,3.0,5975,2026-01-02 07:45:00+00:00,4381.495,1.6017434864856877,2026-01-02 13:30:00+00:00,-1.0,-1.0432273109574297,stop,-5.216136554787148,94.78386344521286
6009,2026-01-02 16:30:00+00:00,6010,2026-01-02 16:30:00+00:00,-1,4321.105,4338.499979020557,17.394979020557003,4268.920062938329,3.0,6008,2026-01-02 16:00:00+00:00,4330.065,1.4857143430086956,2026-01-04 23:15:00+00:00,-1.0,-1.0248411049814627,stop,-4.856919967380201,89.92694347783265
6036,2026-01-05 00:15:00+00:00,6037,2026-01-05 00:15:00+00:00,1,4377.625,4359.882088653809,17.74291134619125,4430.853734038574,3.0,6035,2026-01-04 23:45:00+00:00,4372.025,1.7554039445896874,2026-01-05 09:00:00+00:00,3.0,2.9753274707031676,target,13.378105264298327,103.30504874213098
6189,2026-01-06 15:30:00+00:00,6190,2026-01-06 15:30:00+00:00,1,4480.579,4463.884580014695,16.694419985305103,4530.662259955915,3.0,6186,2026-01-06 14:30:00+00:00,4472.998,2.0024893821220764,2026-01-06 15:45:00+00:00,-1.0,-1.0268387820837377,stop,-5.303881521673547,98.00116722045743
6227,2026-01-07 02:00:00+00:00,6228,2026-01-07 02:00:00+00:00,-1,4465.255,4478.500203791301,13.24520379130081,4425.519388626098,3.0,6226,2026-01-07 01:30:00+00:00,4468.945,1.6995487718723123,2026-01-07 03:30:00+00:00,-1.0,-1.0337122408258654,stop,-5.06525030855047,92.93591691190696
6245,2026-01-07 06:30:00+00:00,6246,2026-01-07 06:30:00+00:00,-1,4454.725,4469.902278497453,15.17727849745279,4409.193164507642,3.0,6242,2026-01-07 05:30:00+00:00,4459.308,2.029774952663222,2026-01-07 08:45:00+00:00,-1.0,-1.02935127665179,stop,-4.783185236003806,88.15273167590315
6501,2026-01-12 01:30:00+00:00,6502,2026-01-12 01:30:00+00:00,1,4582.325,4560.545551210942,21.779448789057824,4647.663346367173,3.0,6498,2026-01-12 00:30:00+00:00,4565.705,2.0066307993396477,2026-01-12 11:45:00+00:00,0.43710931769693656,0.41606964380811806,time_exit,1.8338837834552817,89.98661545935843
6580,2026-01-12 21:15:00+00:00,6581,2026-01-12 21:15:00+00:00,-1,4592.288,4605.651293228545,13.363293228545444,4552.198120314363,3.0,6578,2026-01-12 20:30:00+00:00,4599.505,1.5326441418859482,2026-01-12 23:15:00+00:00,-1.0,-1.034364942244853,stop,-4.653950015121455,85.33266544423698
6644,2026-01-13 14:15:00+00:00,6645,2026-01-13 14:15:00+00:00,1,4618.325,4598.923822214882,19.401177785117397,4676.528533355352,3.0,6642,2026-01-13 13:30:00+00:00,4606.225,2.372802737206953,2026-01-13 16:30:00+00:00,-1.0,-1.023804353793112,stop,-4.368197720129044,80.96446772410793
6681,2026-01-14 00:30:00+00:00,6682,2026-01-14 00:30:00+00:00,1,4609.485,4595.722300672016,13.762699327983682,4650.773097983951,3.0,6680,2026-01-14 00:00:00+00:00,4601.735,1.6148675120511895,2026-01-14 10:45:00+00:00,1.8993367054709893,1.8658441115390159,time_exit,7.553353767345874,88.5178214914538
6741,2026-01-14 15:30:00+00:00,6742,2026-01-14 15:30:00+00:00,-1,4615.135,4635.929290602496,20.794290602495494,4552.752128192514,3.0,6738,2026-01-14 14:30:00+00:00,4623.645,2.396367417817316,2026-01-14 19:00:00+00:00,-1.0,-1.022194241141586,stop,-4.52412036834815,83.99370112310565
6779,2026-01-15 02:00:00+00:00,6780,2026-01-15 02:00:00+00:00,-1,4599.748,4610.966832961378,11.218832961378212,4566.091501115865,3.0,6777,2026-01-15 01:15:00+00:00,4602.575,1.233027397951608,2026-01-15 02:15:00+00:00,-1.0,-1.041000236083691,stop,-4.371873134934798,79.62182798817085
6827,2026-01-15 14:00:00+00:00,6828,2026-01-15 14:00:00+00:00,-1,4588.195,4605.954816873127,17.75981687312742,4534.915549380617,3.0,6826,2026-01-15 13:30:00+00:00,4598.985,2.4786417798765683,2026-01-15 14:30:00+00:00,-1.0,-1.0258346976929837,stop,-4.0839416922004,75.53788629597045
6955,2026-01-19 00:00:00+00:00,6956,2026-01-19 00:00:00+00:00,1,4672.375,4651.682709466431,20.692290533568666,4734.451871600706,3.0,6953,2026-01-18 23:15:00+00:00,4661.448,1.4672863877531934,2026-01-19 10:15:00+00:00,-0.11115250852818544,-0.13373277818185236,time_exit,-0.5050945696172501,75.0327917263532
7041,2026-01-20 01:00:00+00:00,7042,2026-01-20 01:00:00+00:00,-1,4660.115,4668.4275384518605,8.312538451860746,4635.1773846444175,3.0,7039,2026-01-20 00:15:00+00:00,4663.798,1.6284767285926907,2026-01-20 01:15:00+00:00,-1.0,-1.056061274507029,stop,-3.961961283017651,71.07083044333554
7065,2026-01-20 07:00:00+00:00,7066,2026-01-20 07:00:00+00:00,1,4712.245,4703.865451600229,8.37954839977101,4737.383645199313,3.0,7061,2026-01-20 05:45:00+00:00,4706.035,1.2121605059452294,2026-01-20 14:00:00+00:00,3.0,2.9437649289056105,target,10.460790906364418,81.53162134969996
7130,2026-01-21 00:15:00+00:00,7131,2026-01-21 00:15:00+00:00,1,4776.445,4757.521033022679,18.92396697732056,4833.216900931961,3.0,7128,2026-01-20 23:30:00+00:00,4766.145,2.5402236266975384,2026-01-21 01:45:00+00:00,3.0,2.9747598111657862,target,12.126849526513691,93.65847087621366
7149,2026-01-21 05:00:00+00:00,7150,2026-01-21 05:00:00+00:00,1,4865.695,4848.134175476963,17.5608245230369,4918.37747356911,3.0,7148,2026-01-21 04:30:00+00:00,4853.975,1.4524836803506298,2026-01-21 07:00:00+00:00,-1.0,-1.0277076682454005,stop,-4.812676435781165,88.84579444043248
7185,2026-01-21 14:00:00+00:00,7186,2026-01-21 14:00:00+00:00,1,4879.195,4865.565290340815,13.6297096591843,4920.084128977553,3.0,7184,2026-01-21 13:30:00+00:00,4876.965,1.3599002440962586,2026-01-21 14:15:00+00:00,-1.0,-1.0357982313784078,stop,-4.601315837340477,84.244478603092
7247,2026-01-22 06:30:00+00:00,7248,2026-01-22 06:30:00+00:00,1,4825.325,4799.29944600841,26.02555399158973,4903.401661974769,3.0,7245,2026-01-22 05:45:00+00:00,4809.405,2.3384052600323524,2026-01-22 16:45:00+00:00,2.1275243561728963,2.108983636534193,time_exit,8.8835113421138,93.12798994520581
7310,2026-01-22 23:15:00+00:00,7311,2026-01-22 23:15:00+00:00,1,4942.745,4922.7549122646,19.990087735400266,5002.715263206201,3.0,7308,2026-01-22 21:30:00+00:00,4928.295,1.9823443028734729,2026-01-23 08:30:00+00:00,-1.0,-1.0247259795225758,stop,-4.771533535878482,88.35645640932734
7377,2026-01-23 16:00:00+00:00,7378,2026-01-23 16:00:00+00:00,1,4960.345,4941.993593559768,18.351406440232495,5015.399219320698,3.0,7376,2026-01-23 15:30:00+00:00,4956.325,1.5277916841221126,2026-01-25 23:15:00+00:00,3.0,2.972970218843144,target,13.134055677372132,101.49051208669947
7404,2026-01-25 23:45:00+00:00,7405,2026-01-25 23:45:00+00:00,1,5024.855,4999.67138865454,25.183611345459212,5100.405834036377,3.0,7402,2026-01-25 23:00:00+00:00,4989.675,2.118329824779281,2026-01-26 07:00:00+00:00,3.0,2.9800471229837893,target,15.122325427706013,116.61283751440548
7485,2026-01-26 20:00:00+00:00,7486,2026-01-26 20:00:00+00:00,-1,5028.265,5063.524607887628,35.25960788762768,4922.486176337117,3.0,7483,2026-01-26 19:15:00+00:00,5035.755,1.800791088927753,2026-01-27 01:15:00+00:00,-1.0,-1.0142606946056378,stop,-5.9137908788647655,110.69904663554072
7555,2026-01-27 14:30:00+00:00,7556,2026-01-27 14:30:00+00:00,-1,5059.275,5078.471858571122,19.196858571121993,5001.684424286634,3.0,7554,2026-01-27 14:00:00+00:00,5066.808,1.6258666005817526,2026-01-27 14:45:00+00:00,-1.0,-1.0263547026783366,stop,-5.680824354819786,105.01822228072093
7598,2026-01-28 02:15:00+00:00,7599,2026-01-28 02:15:00+00:00,1,5209.785,5183.960197207335,25.82480279266474,5287.259408377994,3.0,7596,2026-01-28 01:30:00+00:00,5202.355,1.5934655929171244,2026-01-28 08:00:00+00:00,3.0,2.9798264287172804,target,15.646803712449909,120.66502599317084
7674,2026-01-28 21:15:00+00:00,7675,2026-01-28 21:15:00+00:00,1,5386.555,5350.063197837655,36.491802162345266,5496.030406487036,3.0,7672,2026-01-28 20:30:00+00:00,5355.625,1.5798444488466399,2026-01-28 23:45:00+00:00,3.0,2.9852389997730553,target,18.010697075172153,138.675723068343
7718,2026-01-29 09:15:00+00:00,7719,2026-01-29 09:15:00+00:00,-1,5507.155,5533.626152070757,26.471152070756943,5427.741543787729,3.0,7716,2026-01-29 08:30:00+00:00,5515.485,1.0343148679409677,2026-01-29 12:15:00+00:00,-1.0,-1.0208043646354321,stop,-7.07803916885695,131.59768389948604
7786,2026-01-30 03:15:00+00:00,7787,2026-01-30 03:15:00+00:00,-1,5179.845,5318.068286765141,138.22328676514098,4765.175139704577,3.0,7782,2026-01-30 02:00:00+00:00,5282.335,2.778224072696629,2026-01-30 13:30:00+00:00,1.120918215924482,1.1171707684999381,time_exit,7.3508542827400385,138.9485381822261
7845,2026-01-30 18:00:00+00:00,7846,2026-01-30 18:00:00+00:00,-1,4848.798,4931.706554040554,82.90855404055401,4600.072337878338,3.0,7844,2026-01-30 17:30:00+00:00,4897.229,1.5286078018061402,2026-01-30 20:00:00+00:00,-1.0,-1.00584836879151,stop,-6.988058023827849,131.96048015839824
8024,2026-02-03 16:45:00+00:00,8025,2026-02-03 16:45:00+00:00,1,4980.665,4937.97091623775,42.69408376224965,5108.747251286749,3.0,8023,2026-02-03 16:15:00+00:00,4950.835,1.6830318912389477,2026-02-03 17:15:00+00:00,-1.0,-1.0116659372004229,stop,-6.674996141643188,125.28548401675505
8052,2026-02-04 00:45:00+00:00,8053,2026-02-04 00:45:00+00:00,1,4986.335,4942.252262815646,44.0827371843543,5118.583211553063,3.0,8050,2026-02-04 00:00:00+00:00,4971.098,1.5232734817810896,2026-02-04 11:00:00+00:00,1.4053120100261585,1.3940007001609223,time_exit,8.732402621967829,134.01788663872287
8139,2026-02-04 23:30:00+00:00,8140,2026-02-04 23:30:00+00:00,1,5019.125,4955.129976416347,63.995023583653165,5211.1100707509595,3.0,8138,2026-02-04 23:00:00+00:00,4970.475,2.336278592045464,2026-02-05 01:30:00+00:00,-1.0,-1.007842992656201,stop,-6.753449396971498,127.26443724175137
8194,2026-02-05 13:15:00+00:00,8195,2026-02-05 13:15:00+00:00,-1,4824.715,4881.242195269216,56.527195269215554,4655.1334141923535,3.0,8190,2026-02-05 12:00:00+00:00,4847.205,2.032624070541616,2026-02-05 17:00:00+00:00,-1.0,-1.0085352103125265,stop,-6.417533298945752,120.84690394280561
8230,2026-02-05 23:15:00+00:00,8231,2026-02-05 23:15:00+00:00,-1,4768.375,4807.608092991599,39.233092991598824,4650.6757210252035,3.0,8228,2026-02-05 21:30:00+00:00,4792.575,1.4652458460747615,2026-02-06 02:30:00+00:00,-1.0,-1.0121539614555015,stop,-6.115783627767159,114.73112031503845
8327,2026-02-09 00:30:00+00:00,8328,2026-02-09 00:30:00+00:00,1,5034.795,5017.356624133614,17.438375866386195,5087.110127599159,3.0,8324,2026-02-08 23:30:00+00:00,5025.655,0.9831933997257201,2026-02-09 00:45:00+00:00,-1.0,-1.0288719261390904,stop,-5.902181437331467,108.82893887770699
8368,2026-02-09 10:45:00+00:00,8369,2026-02-09 10:45:00+00:00,-1,4986.615,5017.054161603965,30.43916160396566,4895.297515188103,3.0,8367,2026-02-09 10:15:00+00:00,4994.955,1.845579150867365,2026-02-09 12:00:00+00:00,-1.0,-1.0163822350460217,stop,-5.530590006710535,103.29834887099645
8385,2026-02-09 15:00:00+00:00,8386,2026-02-09 15:00:00+00:00,1,5037.605,5011.68745000614,25.91754999385921,5115.357649981577,3.0,8384,2026-02-09 14:30:00+00:00,5027.145,1.6564704052811945,2026-02-09 23:15:00+00:00,-1.0,-1.0194370417002903,stop,-5.265308159278657,98.03304071171779
8556,2026-02-11 11:45:00+00:00,8557,2026-02-11 11:45:00+00:00,1,5108.315,5088.095362559558,20.219637440441147,5168.973912321323,3.0,8555,2026-02-11 11:15:00+00:00,5100.915,1.7676601419767073,2026-02-11 12:30:00+00:00,-1.0,-1.0252641275841223,stop,-5.025487997985905,93.00755271373188
9006,2026-02-18 11:45:00+00:00,9007,2026-02-18 11:45:00+00:00,-1,4911.095,4922.135910900893,11.040910900892413,4877.972267297323,3.0,9002,2026-02-18 10:30:00+00:00,4912.735,1.3646044213618556,2026-02-18 12:15:00+00:00,-1.0,-1.0444808860798165,stop,-4.857230553527696,88.15032216020418
9014,2026-02-18 13:45:00+00:00,9015,2026-02-18 13:45:00+00:00,1,4955.875,4941.617072079634,14.257927920365546,4998.648783761097,3.0,9012,2026-02-18 13:00:00+00:00,4946.935,1.490469323107721,2026-02-18 15:15:00+00:00,3.0,2.965241267681532,target,13.069348651442963,101.21967081164715
9021,2026-02-18 15:30:00+00:00,9022,2026-02-18 15:30:00+00:00,1,5004.445,4989.81180700227,14.633192997729566,5048.344578993188,3.0,9020,2026-02-18 15:00:00+00:00,4994.098,1.2514195570871427,2026-02-18 18:30:00+00:00,-1.0,-1.034199268750002,stop,-5.23406547682607,95.98560533482107
9113,2026-02-19 15:30:00+00:00,9114,2026-02-19 15:30:00+00:00,1,5016.005,4985.70137253873,30.30362746127048,5106.915882383812,3.0,9111,2026-02-19 14:45:00+00:00,5005.135,2.3108616142339327,2026-02-19 18:00:00+00:00,-1.0,-1.0165524903129524,stop,-4.878720306865429,91.10688502795564
9203,2026-02-20 15:00:00+00:00,9204,2026-02-20 15:00:00+00:00,1,5053.915,5036.0755962517305,17.839403748269433,5107.433211244808,3.0,9202,2026-02-20 14:30:00+00:00,5048.555,1.713400054032276,2026-02-20 15:15:00+00:00,-1.0,-1.0283300668078117,stop,-4.684397458372462,86.42248756958318
9229,2026-02-20 21:30:00+00:00,9230,2026-02-20 21:30:00+00:00,1,5097.725,5081.97639516295,15.748604837050152,5144.970814511151,3.0,9227,2026-02-20 20:45:00+00:00,5087.135,1.4224188620612024,2026-02-22 23:15:00+00:00,3.0,2.967630624726788,target,12.82350103882826,99.24598860841144
9305,2026-02-23 17:30:00+00:00,9306,2026-02-23 17:30:00+00:00,1,5209.875,5197.694720122855,12.18027987714504,5246.415839631435,3.0,9301,2026-02-23 16:15:00+00:00,5204.875,0.8910879208012655,2026-02-23 17:45:00+00:00,-1.0,-1.0427730319216701,stop,-5.174552022362836,94.0714365860486
9326,2026-02-23 23:45:00+00:00,9327,2026-02-23 23:45:00+00:00,1,5242.235,5220.408701163735,21.82629883626487,5307.713896508794,3.0,9324,2026-02-23 23:00:00+00:00,5237.725,2.1288777841187194,2026-02-24 00:15:00+00:00,-1.0,-1.0240179750095326,stop,-4.816542099954158,89.25489448609444
9463,2026-02-25 11:00:00+00:00,9464,2026-02-25 11:00:00+00:00,-1,5174.715,5185.656193247514,10.941193247514093,5141.891420257458,3.0,9461,2026-02-25 10:15:00+00:00,5176.325,1.203217846785388,2026-02-25 12:30:00+00:00,-1.0,-1.0472957097360083,stop,-4.673813403411341,84.5810810826831
9486,2026-02-25 16:45:00+00:00,9487,2026-02-25 16:45:00+00:00,1,5207.445,5189.999174103195,17.44582589680431,5259.782477690413,3.0,9485,2026-02-25 16:15:00+00:00,5202.355,1.468271204995911,2026-02-25 20:30:00+00:00,-1.0,-1.0298492317348753,stop,-4.3552880686153195,80.22579301406778
9507,2026-02-25 22:00:00+00:00,9508,2026-02-25 23:00:00+00:00,-1,5157.898,5182.6772763611,24.77927636109962,5083.560170916701,3.0,9503,2026-02-25 20:45:00+00:00,5176.948,2.1357204980364273,2026-02-26 00:30:00+00:00,-1.0,-1.0208153697663958,stop,-4.094786128022896,76.13100688604487
9546,2026-02-26 08:45:00+00:00,9547,2026-02-26 08:45:00+00:00,-1,5173.855,5191.700465608923,17.845465608923405,5120.318603173229,3.0,9545,2026-02-26 08:15:00+00:00,5179.058,1.9548362409804145,2026-02-26 16:00:00+00:00,-1.0,-1.028992546977384,stop,-3.9169119339812037,72.21409495206368
9695,2026-03-02 00:00:00+00:00,9696,2026-03-02 00:00:00+00:00,1,5386.675,5350.088917849996,36.586082150004586,5496.433246450014,3.0,9694,2026-03-01 23:30:00+00:00,5378.378,2.0083096410595793,2026-03-02 00:30:00+00:00,-1.0,-1.0147232900694707,stop,-3.6638662009573606,68.55022875110632
9727,2026-03-02 08:00:00+00:00,9728,2026-03-02 08:00:00+00:00,1,5408.075,5382.887130204048,25.187869795951883,5483.6386093878555,3.0,9724,2026-03-02 07:00:00+00:00,5389.505,1.6972292878372572,2026-03-02 10:15:00+00:00,-1.0,-1.0214709502780945,stop,-3.5011033652086665,65.04912538589765
9828,2026-03-03 10:15:00+00:00,9829,2026-03-03 10:15:00+00:00,-1,5272.585,5304.896556691013,32.31155669101281,5175.650329926962,3.0,9825,2026-03-03 09:15:00+00:00,5278.598,1.4790398453763216,2026-03-03 11:15:00+00:00,3.0,2.9836820458685405,target,9.704295375667717,74.75342076156537
9834,2026-03-03 11:45:00+00:00,9835,2026-03-03 11:45:00+00:00,-1,5123.498,5213.124131896004,89.62613189600415,4854.619604311987,3.0,9833,2026-03-03 11:15:00+00:00,5159.175,2.7028849780834765,2026-03-03 13:00:00+00:00,-1.0,-1.0057165225047813,stop,-3.759037518682912,70.99438324288245
9940,2026-03-04 15:15:00+00:00,9941,2026-03-04 15:15:00+00:00,-1,5134.125,5181.480318466312,47.35531846631238,4992.059044601063,3.0,9939,2026-03-04 14:45:00+00:00,5156.095,2.624389116135088,2026-03-05 01:15:00+00:00,-1.0,-1.0108417072596656,stop,-3.5882041781541147,67.40617906472833
9986,2026-03-05 03:45:00+00:00,9987,2026-03-05 03:45:00+00:00,1,5188.235,5172.427637723925,15.807362276074855,5235.657086828224,3.0,9983,2026-03-05 02:45:00+00:00,5188.045,1.2668166571558785,2026-03-05 05:00:00+00:00,-1.0,-1.0328216365854574,stop,-3.480928008880256,63.92525105584808
10100,2026-03-06 09:15:00+00:00,10101,2026-03-06 09:15:00+00:00,-1,5095.545,5118.627456961871,23.082456961870776,5026.297629114388,3.0,10097,2026-03-06 08:15:00+00:00,5105.495,2.1266689929198024,2026-03-06 13:45:00+00:00,-1.0,-1.0220754012816624,stop,-3.266821331246847,60.658429724601234
10235,2026-03-09 19:00:00+00:00,10236,2026-03-09 19:00:00+00:00,1,5122.945,5102.4683362760325,20.47666372396725,5184.3749911719015,3.0,10234,2026-03-09 18:30:00+00:00,5115.795,1.5654306138046705,2026-03-10 02:00:00+00:00,3.0,2.974981544508133,target,9.022885447476611,69.68131517207784
10261,2026-03-10 02:30:00+00:00,10262,2026-03-10 02:30:00+00:00,1,5179.415,5162.213381964635,17.201618035364845,5231.0198541060945,3.0,10259,2026-03-10 01:45:00+00:00,5168.655,1.1148056050543775,2026-03-10 03:30:00+00:00,-1.0,-1.030110045400099,stop,-3.588971136772386,66.09234403530546
10398,2026-03-11 13:45:00+00:00,10399,2026-03-11 13:45:00+00:00,-1,5165.155,5184.14116126464,18.98616126464003,5108.19651620608,3.0,10395,2026-03-11 12:45:00+00:00,5172.778,1.655575847321842,2026-03-11 14:15:00+00:00,-1.0,-1.0272048410840142,stop,-3.3945187875827973,62.69782524772266
10467,2026-03-12 08:00:00+00:00,10468,2026-03-12 08:00:00+00:00,1,5182.225,5166.710807566204,15.51419243379678,5228.767577301391,3.0,10466,2026-03-12 07:30:00+00:00,5171.285,1.744486779608091,2026-03-12 12:30:00+00:00,-1.0,-1.0334031244108512,stop,-3.239606425238108,59.458218822484554
10577,2026-03-13 12:30:00+00:00,10578,2026-03-13 12:30:00+00:00,1,5113.495,5090.667476220559,22.827523779440526,5181.9775713383215,3.0,10575,2026-03-13 11:45:00+00:00,5098.105,2.195792095251302,2026-03-13 14:15:00+00:00,-1.0,-1.0224005680572565,stop,-3.039505834989044,56.41871298749551
10589,2026-03-13 15:30:00+00:00,10590,2026-03-13 15:30:00+00:00,-1,5062.915,5080.917985940221,18.00298594022115,5008.9060421793365,3.0,10587,2026-03-13 14:45:00+00:00,5074.876,1.2611652332346917,2026-03-15 22:15:00+00:00,3.0,2.971877359584619,target,8.383474789222031,64.80218777671755
10645,2026-03-16 06:30:00+00:00,10646,2026-03-16 06:30:00+00:00,1,5027.495,5011.430797992681,16.06420200731918,5075.687606021957,3.0,10644,2026-03-16 06:00:00+00:00,5026.255,1.3926466156571904,2026-03-16 07:00:00+00:00,-1.0,-1.0312962635660916,stop,-3.3415127062518533,61.46067507046569
10652,2026-03-16 08:15:00+00:00,10653,2026-03-16 08:15:00+00:00,-1,4988.575,5008.509087088142,19.934087088142405,4928.772738735573,3.0,10650,2026-03-16 07:30:00+00:00,4997.445,1.7036624514093799,2026-03-16 11:30:00+00:00,-1.0,-1.0250253496833943,stop,-3.149937497794079,58.31073757267161
10732,2026-03-17 05:15:00+00:00,10733,2026-03-17 05:15:00+00:00,1,5040.425,5031.048205639054,9.376794360946406,5068.555383082839,3.0,10730,2026-03-17 04:30:00+00:00,5033.445,1.163862108393391,2026-03-17 06:00:00+00:00,-1.0,-1.053754244851449,stop,-3.0722593618810796,55.23847821079053
10853,2026-03-18 12:30:00+00:00,10854,2026-03-18 12:30:00+00:00,-1,4901.365,4934.113717129551,32.74871712955155,4803.118848611345,3.0,10852,2026-03-18 12:00:00+00:00,4924.575,2.2218623825640145,2026-03-18 23:45:00+00:00,2.05992801895516,2.0449614326897785,time_exit,5.648027877077066,60.8865060878676
10906,2026-03-19 02:45:00+00:00,10907,2026-03-19 02:45:00+00:00,1,4861.045,4839.408312807983,21.636687192017234,4925.955061576052,3.0,10902,2026-03-19 01:30:00+00:00,4859.985,1.4839237978576993,2026-03-19 05:45:00+00:00,-1.0,-1.0224666787334868,stop,-3.112721182967411,57.77378490490019
10927,2026-03-19 08:00:00+00:00,10928,2026-03-19 08:00:00+00:00,-1,4727.525,4773.436787728821,45.911787728821764,4589.789636813534,3.0,10926,2026-03-19 07:30:00+00:00,4747.505,2.5783630508299367,2026-03-19 12:45:00+00:00,3.0,2.9897030256632062,target,8.636322976709769,66.41010788160996
10976,2026-03-19 20:15:00+00:00,10977,2026-03-19 20:15:00+00:00,1,4653.805,4619.130001188986,34.67499881101412,4757.829996433043,3.0,10972,2026-03-19 19:00:00+00:00,4648.825,1.1770866356043346,2026-03-20 07:30:00+00:00,0.9874549725759135,0.9740337608684115,time_exit,3.2342843569800745,69.64439223859003
11047,2026-03-20 15:00:00+00:00,11048,2026-03-20 15:00:00+00:00,-1,4563.705,4591.208474866107,27.503474866107354,4481.194575401678,3.0,11045,2026-03-20 14:15:00+00:00,4585.855,1.1730749841386239,2026-03-20 16:30:00+00:00,-1.0,-1.0165931942135205,stop,-3.5400007582443775,66.10439148034565
11081,2026-03-23 00:30:00+00:00,11082,2026-03-23 00:30:00+00:00,-1,4426.875,4476.265285539065,49.39028553906519,4278.704143382804,3.0,11080,2026-03-23 00:00:00+00:00,4448.835,1.8013130454240682,2026-03-23 06:15:00+00:00,3.0,2.991036952000412,target,9.886033880360754,75.99042536070641
11176,2026-03-24 01:15:00+00:00,11177,2026-03-24 01:15:00+00:00,-1,4330.805,4390.8062424830505,60.00124248305019,4150.80127255085,3.0,11174,2026-03-24 00:30:00+00:00,4359.348,1.914300694627554,2026-03-24 06:30:00+00:00,-1.0,-1.007217858865545,stop,-3.8269456763046357,72.16347968440178
11225,2026-03-24 13:30:00+00:00,11226,2026-03-24 13:30:00+00:00,-1,4356.108,4409.619836044157,53.51183604415655,4195.5724918675305,3.0,11222,2026-03-24 12:30:00+00:00,4373.048,2.0289898862704914,2026-03-24 14:30:00+00:00,-1.0,-1.0081404569942347,stop,-3.6375461693663493,68.52593351503543
11262,2026-03-24 23:45:00+00:00,11263,2026-03-24 23:45:00+00:00,1,4539.205,4480.204135597515,59.000864402484694,4716.207593207454,3.0,11261,2026-03-24 23:15:00+00:00,4485.185,2.7295581532780373,2026-03-25 10:00:00+00:00,0.21270874803440448,0.20501529295375512,time_exit,0.7024432167257267,69.22837673176116
11459,2026-03-27 03:00:00+00:00,11460,2026-03-27 03:00:00+00:00,1,4431.925,4414.573937515027,17.351062484973227,4483.97818745492,3.0,11456,2026-03-27 02:00:00+00:00,4420.305,0.9546390864737854,2026-03-27 10:45:00+00:00,-1.0,-1.0255426721207317,stop,-3.5498327230035516,65.67854400875761
11491,2026-03-27 11:00:00+00:00,11492,2026-03-27 11:00:00+00:00,-1,4414.498,4431.610772232452,17.1127722324527,4363.1596833026415,3.0,11490,2026-03-27 10:30:00+00:00,4420.445,1.4712519852085268,2026-03-27 12:30:00+00:00,-1.0,-1.0257965099987034,stop,-3.3686410612989905,62.309902947458625
11506,2026-03-27 14:45:00+00:00,11507,2026-03-27 14:45:00+00:00,1,4463.815,4428.250081461038,35.56491853896205,4570.509755616886,3.0,11504,2026-03-27 14:00:00+00:00,4445.045,2.3132675695671163,2026-03-30 00:15:00+00:00,-1.0,-1.0125511745376552,stop,-3.154598270738827,59.155304676719794
11589,2026-03-30 12:30:00+00:00,11590,2026-03-30 12:30:00+00:00,1,4565.595,4536.708543844875,28.886456155125416,4652.2543684653765,3.0,11586,2026-03-30 11:30:00+00:00,4550.485,2.1712934160364417,2026-03-30 14:00:00+00:00,-1.0,-1.015805313658006,stop,-3.0045136410835136,56.15079103563628
11597,2026-03-30 14:30:00+00:00,11598,2026-03-30 14:30:00+00:00,-1,4518.625,4549.861888316205,31.236888316205295,4424.914335051384,3.0,11595,2026-03-30 13:45:00+00:00,4523.248,1.9155035915451002,2026-03-30 15:45:00+00:00,-1.0,-1.0144656694170648,stop,-2.8481524908132245,53.302638544823054
11616,2026-03-30 19:15:00+00:00,11617,2026-03-30 19:15:00+00:00,-1,4497.645,4520.2848689469365,22.639868946936076,4429.725393159192,3.0,11615,2026-03-30 18:45:00+00:00,4511.015,1.5350200241295175,2026-03-30 22:15:00+00:00,-1.0,-1.0198660381406877,stop,-2.71807753975769,50.58456100506537
11688,2026-03-31 14:15:00+00:00,11689,2026-03-31 14:15:00+00:00,1,4614.538,4582.933312017884,31.604687982115138,4709.352063946345,3.0,11687,2026-03-31 13:45:00+00:00,4597.295,1.9333158955089127,2026-04-01 00:30:00+00:00,3.0,2.9853991977310095,target,7.550755392104873,58.13531639717024
11727,2026-04-01 01:00:00+00:00,11728,2026-04-01 01:00:00+00:00,1,4710.495,4697.9022642279915,12.592735772008382,4748.273207316025,3.0,11725,2026-04-01 00:15:00+00:00,4704.505,0.8429174651590213,2026-04-01 01:15:00+00:00,-1.0,-1.0374064467426583,stop,-3.015497600692429,55.119818796477816
11753,2026-04-01 07:30:00+00:00,11754,2026-04-01 07:30:00+00:00,1,4722.885,4706.577470836909,16.307529163091203,4771.807587489274,3.0,11751,2026-04-01 06:45:00+00:00,4712.425,1.1460439691869941,2026-04-01 15:15:00+00:00,3.0,2.9710386230018875,target,8.18815552686005,63.30797432333787
11872,2026-04-02 14:15:00+00:00,11873,2026-04-02 14:15:00+00:00,1,4647.465,4597.604263071197,49.86073692880291,4797.047210786409,3.0,11871,2026-04-02 13:45:00+00:00,4634.915,2.3006127091103483,2026-04-06 01:30:00+00:00,-0.13938823266739628,-0.14870912378586532,time_exit,-0.47072366951408173,62.83725065382379
11940,2026-04-06 08:15:00+00:00,11941,2026-04-06 08:15:00+00:00,1,4689.435,4660.4781189311625,28.9568810688379,4776.305643206514,3.0,11939,2026-04-06 07:45:00+00:00,4678.445,1.9231070534686825,2026-04-06 12:30:00+00:00,-1.0,-1.01619454453279,stop,-3.1927435653927616,59.64450708843103
12088,2026-04-07 23:15:00+00:00,12089,2026-04-07 23:15:00+00:00,1,4817.825,4758.3163418093,59.50865819069986,4996.350974572099,3.0,12087,2026-04-07 22:45:00+00:00,4779.685,2.498038767319364,2026-04-08 09:30:00+00:00,-0.3330607780885441,-0.3411567848655091,time_exit,-1.0174064136588599,58.627100674772166
12132,2026-04-08 10:15:00+00:00,12133,2026-04-08 10:15:00+00:00,-1,4782.115,4805.093080392943,22.97808039294341,4713.18075882117,3.0,12130,2026-04-08 09:30:00+00:00,4790.145,1.562177937150861,2026-04-08 12:15:00+00:00,-1.0,-1.0208116383885077,stop,-2.9923613346891083,55.63473934008306
12240,2026-04-09 14:15:00+00:00,12241,2026-04-09 14:15:00+00:00,1,4770.535,4748.76723997304,21.767760026959877,4835.8382800808795,3.0,12238,2026-04-09 13:30:00+00:00,4759.385,1.8555230672906544,2026-04-09 14:45:00+00:00,-1.0,-1.0219155990055548,stop,-2.8427003989119446,52.792038941171114
12277,2026-04-10 00:30:00+00:00,12278,2026-04-10 00:30:00+00:00,-1,4753.445,4764.560014729133,11.11501472913369,4720.099955812599,3.0,12276,2026-04-10 00:00:00+00:00,4756.695,1.2407288303586737,2026-04-10 01:15:00+00:00,-1.0,-1.042765980215399,stop,-2.7524871117029908,50.039551829468124
12415,2026-04-13 12:00:00+00:00,12416,2026-04-13 12:00:00+00:00,-1,4706.745,4723.337505253713,16.59250525371317,4656.96748423886,3.0,12414,2026-04-13 11:30:00+00:00,4708.135,1.822508975292338,2026-04-13 13:00:00+00:00,-1.0,-1.0283666928413158,stop,-2.5729504213065875,47.46660140816154
12490,2026-04-14 07:45:00+00:00,12491,2026-04-14 07:45:00+00:00,1,4777.735,4766.636110081011,11.098889918988789,4811.031669756966,3.0,12487,2026-04-14 06:45:00+00:00,4777.075,1.4185547883104965,2026-04-14 10:45:00+00:00,-1.0,-1.0430469626680945,stop,-2.4754947213479994,44.99110668681354
12519,2026-04-14 15:00:00+00:00,12520,2026-04-14 15:00:00+00:00,1,4803.645,4793.372838904492,10.272161095508636,4834.461483286526,3.0,12517,2026-04-14 14:15:00+00:00,4803.465,0.9253080093819313,2026-04-14 15:15:00+00:00,-1.0,-1.0467637233814444,stop,-2.354752917727037,42.6363537690865
12607,2026-04-15 14:00:00+00:00,12608,2026-04-15 14:00:00+00:00,1,4828.555,4808.830505610909,19.724494389090978,4887.728483167273,3.0,12605,2026-04-15 13:15:00+00:00,4821.298,2.2235338682353762,2026-04-15 15:15:00+00:00,-1.0,-1.0244799937820994,stop,-2.1840045722122565,40.45234919687424
12646,2026-04-16 00:45:00+00:00,12647,2026-04-16 00:45:00+00:00,1,4832.245,4813.399157099728,18.845842900272146,4888.782528700816,3.0,12642,2026-04-15 23:30:00+00:00,4815.615,2.552937035829844,2026-04-16 01:45:00+00:00,-1.0,-1.0256409067271288,stop,-2.074479205476227,38.37786999139801
12790,2026-04-17 13:45:00+00:00,12791,2026-04-17 13:45:00+00:00,1,4864.215,4833.28733113761,30.92766886239042,4956.998006587171,3.0,12788,2026-04-17 13:00:00+00:00,4847.615,2.4136017540980825,2026-04-17 21:00:00+00:00,-1.0,-1.0157277130120697,stop,-1.949073305831862,36.42879668556615
12876,2026-04-20 12:15:00+00:00,12877,2026-04-20 12:15:00+00:00,1,4810.915,4793.566036944109,17.348963055890636,4862.961889167672,3.0,12875,2026-04-20 11:45:00+00:00,4805.605,2.19384258826849,2026-04-20 15:00:00+00:00,-1.0,-1.0277302740486642,stop,-1.8719488600459986,34.55684782552015
12914,2026-04-20 22:45:00+00:00,12915,2026-04-20 22:45:00+00:00,1,4830.315,4818.538533318275,11.776466681724742,4865.644400045174,3.0,12912,2026-04-20 22:00:00+00:00,4821.705,1.650006978624718,2026-04-21 00:45:00+00:00,-1.0,-1.041016674445281,stop,-1.7987127401317313,32.75813508538842
12981,2026-04-21 15:30:00+00:00,12982,2026-04-21 15:30:00+00:00,-1,4742.265,4776.451969408285,34.18696940828431,4639.704091775147,3.0,12978,2026-04-21 14:30:00+00:00,4759.585,2.686652598759249,2026-04-22 02:45:00+00:00,-0.261210635354985,-0.2750821925069648,time_exit,-0.45055898108639875,32.30757610430202
13073,2026-04-22 15:30:00+00:00,13074,2026-04-22 15:30:00+00:00,-1,4735.105,4745.524258215566,10.419258215566515,4703.8472253533,3.0,13070,2026-04-22 14:30:00+00:00,4736.195,1.127159545291507,2026-04-22 19:00:00+00:00,-1.0,-1.0454457016232277,stop,-1.6887908284053927,30.61878527589663
13206,2026-04-24 02:45:00+00:00,13207,2026-04-24 02:45:00+00:00,-1,4683.235,4697.29350434433,14.058504344330686,4641.059486967008,3.0,13205,2026-04-24 02:15:00+00:00,4686.415,1.3732312214484999,2026-04-24 08:30:00+00:00,-1.0,-1.0333124697001541,stop,-1.5819386316327733,29.036846644263857
13243,2026-04-24 12:00:00+00:00,13244,2026-04-24 12:00:00+00:00,1,4706.705,4691.048052856111,15.656947143888829,4753.675841431666,3.0,13241,2026-04-24 11:15:00+00:00,4703.075,1.543890929611283,2026-04-24 13:00:00+00:00,-1.0,-1.0300614478464092,stop,-1.495486814764229,27.541359829499626
13254,2026-04-24 14:45:00+00:00,13255,2026-04-24 14:45:00+00:00,1,4730.235,4705.215754507767,25.019245492232585,4805.292736476697,3.0,13252,2026-04-24 14:00:00+00:00,4717.195,1.9892784007100008,2026-04-24 20:15:00+00:00,-1.0,-1.0189063854921945,stop,-1.4031033697707695,26.138256459728858
13278,2026-04-24 20:45:00+00:00,13279,2026-04-24 20:45:00+00:00,-1,4707.105,4718.195560645279,11.090560645279766,4673.83331806416,3.0,13276,2026-04-24 20:00:00+00:00,4713.515,1.4000866583763427,2026-04-27 00:15:00+00:00,3.0,2.9575575559202827,target,3.865269894552662,30.00352635428152
13304,2026-04-27 04:15:00+00:00,13305,2026-04-27 04:15:00+00:00,1,4727.245,4713.9552439390045,13.289756060995387,4767.114268182986,3.0,13302,2026-04-27 03:30:00+00:00,4723.175,1.5191822048703432,2026-04-27 05:45:00+00:00,-1.0,-1.035570592705416,stop,-1.5535384784977941,28.449987875783723
13340,2026-04-27 13:15:00+00:00,13341,2026-04-27 13:15:00+00:00,-1,4695.835,4708.443641971222,12.608641971221914,4658.009074086334,3.0,13338,2026-04-27 12:30:00+00:00,4699.155,1.8710839783152506,2026-04-28 00:30:00+00:00,0.08565553708836603,0.04841254921768321,time_exit,0.06886682191394351,28.518854697697666
13389,2026-04-28 02:30:00+00:00,13390,2026-04-28 02:30:00+00:00,-1,4675.385,4688.294347088248,12.909347088248069,4636.656958735256,3.0,13387,2026-04-28 01:45:00+00:00,4677.175,2.0952563081843567,2026-04-28 05:45:00+00:00,3.0,2.963782947595729,target,4.226184761899835,32.7450394595975
13424,2026-04-28 11:15:00+00:00,13425,2026-04-28 11:15:00+00:00,-1,4598.315,4616.647151799055,18.332151799055282,4543.318544602834,3.0,13423,2026-04-28 10:45:00+00:00,4604.415,1.9093475509833222,2026-04-28 22:30:00+00:00,0.15164613682410202,0.12656280208847667,time_exit,0.2072151974252199,32.95225465702272
13474,2026-04-29 00:45:00+00:00,13475,2026-04-29 00:45:00+00:00,1,4603.515,4594.183314093455,9.331685906545317,4631.510057719636,3.0,13472,2026-04-29 00:00:00+00:00,4600.375,1.3464245335557943,2026-04-29 01:15:00+00:00,-1.0,-1.0493320826065422,stop,-1.728892900291739,31.22336175673098
13477,2026-04-29 01:30:00+00:00,13478,2026-04-29 01:30:00+00:00,-1,4580.255,4601.198889180988,20.943889180987753,4517.423332457037,3.0,13476,2026-04-29 01:00:00+00:00,4587.745,2.5287192473706592,2026-04-29 02:15:00+00:00,-1.0,-1.02186917129106,stop,-1.595309540163583,29.628052216567397
13525,2026-04-29 13:30:00+00:00,13526,2026-04-29 13:30:00+00:00,-1,4537.595,4560.955135728091,23.360135728090427,4467.514592815729,3.0,13523,2026-04-29 12:45:00+00:00,4550.965,2.5480640395471,2026-04-29 16:15:00+00:00,-1.0,-1.0194245232682597,stop,-1.5101781503120664,28.117874066255332
13571,2026-04-30 02:00:00+00:00,13572,2026-04-30 02:00:00+00:00,1,4578.755,4564.539481203206,14.21551879679373,4621.401556390381,3.0,13569,2026-04-30 01:15:00+00:00,4573.825,1.6315940572731675,2026-04-30 02:45:00+00:00,-1.0,-1.0322095525703412,stop,-1.451176910457931,26.6666971557974
13583,2026-04-30 05:00:00+00:00,13584,2026-04-30 05:00:00+00:00,-1,4541.725,4557.72869167275,16.003691672749483,4493.713924981752,3.0,13581,2026-04-30 04:15:00+00:00,4549.335,1.972331749852015,2026-04-30 05:30:00+00:00,-1.0,-1.0283792333223558,stop,-1.371173878815919,25.29552327698148
13592,2026-04-30 07:15:00+00:00,13593,2026-04-30 07:15:00+00:00,1,4591.535,4573.403884734335,18.131115265664448,4645.928345796993,3.0,13591,2026-04-30 06:45:00+00:00,4582.178,2.0124901580615835,2026-04-30 10:45:00+00:00,3.0,2.9746759372894442,target,3.7622992206590924,29.057822497640572
13607,2026-04-30 11:00:00+00:00,13608,2026-04-30 11:00:00+00:00,1,4639.475,4624.676000930745,14.798999069254933,4683.871997207765,3.0,13605,2026-04-30 10:15:00+00:00,4631.555,1.433318177857563,2026-04-30 12:45:00+00:00,-1.0,-1.0313499242637196,stop,-1.4984391516105107,27.55938334603006
13682,2026-05-01 06:45:00+00:00,13683,2026-05-01 06:45:00+00:00,-1,4593.158,4602.647893158094,9.489893158093764,4564.688320525719,3.0,13681,2026-05-01 06:15:00+00:00,4600.835,1.400906340066924,2026-05-01 09:15:00+00:00,3.0,2.951599476163938,target,4.067213072377174,31.626596418407235
13735,2026-05-01 20:00:00+00:00,13736,2026-05-01 20:00:00+00:00,-1,4610.735,4625.704137620104,14.969137620104448,4565.827587139686,3.0,13734,2026-05-01 19:30:00+00:00,4613.535,1.5364286321158218,2026-05-03 22:15:00+00:00,-1.0,-1.030801607393919,stop,-1.630037321224647,29.996559097182587
13753,2026-05-04 01:30:00+00:00,13754,2026-05-04 01:30:00+00:00,-1,4594.375,4614.89187756575,20.516877565750292,4532.824367302749,3.0,13752,2026-05-04 01:00:00+00:00,4601.665,2.128164103772307,2026-05-04 02:15:00+00:00,-1.0,-1.0223931491781653,stop,-1.5334138259938723,28.463145271188715
13781,2026-05-04 08:30:00+00:00,13782,2026-05-04 08:30:00+00:00,-1,4574.778,4591.849965936565,17.071965936564993,4523.562102190305,3.0,13779,2026-05-04 07:45:00+00:00,4582.545,1.8210648392109152,2026-05-04 15:30:00+00:00,3.0,2.97320298074048,target,4.2313354180773795,32.69448068926609
13847,2026-05-05 02:00:00+00:00,13848,2026-05-05 02:00:00+00:00,1,4540.635,4524.0594693967705,16.57553060322971,4590.361591809689,3.0,13844,2026-05-05 01:00:00+00:00,4530.275,2.0182667751456633,2026-05-05 12:15:00+00:00,1.461793325353844,1.4343997226470004,time_exit,2.34484770163855,35.03932839090464
13888,2026-05-05 12:15:00+00:00,13889,2026-05-05 12:15:00+00:00,1,4565.075,4553.163782684797,11.91121731520252,4600.808651945607,3.0,13886,2026-05-05 11:30:00+00:00,4560.345,1.5026493472938767,2026-05-05 17:15:00+00:00,-1.0,-1.0383258476375332,stop,-1.8191120176067974,33.220216373297845
13930,2026-05-05 23:45:00+00:00,13931,2026-05-05 23:45:00+00:00,1,4584.965,4567.8542922892875,17.11070771071263,4636.297123132138,3.0,13928,2026-05-05 23:00:00+00:00,4576.845,1.9486285469973692,2026-05-06 03:00:00+00:00,3.0,2.9732041182777644,target,4.938524206558379,38.15874057985622
13946,2026-05-06 03:45:00+00:00,13947,2026-05-06 03:45:00+00:00,1,4647.505,4637.192874381802,10.312125618198479,4678.441376854596,3.0,13944,2026-05-06 03:00:00+00:00,4641.585,1.102777669554145,2026-05-06 08:00:00+00:00,3.0,2.9549316487010375,target,5.637823510699487,43.796564090555705
13966,2026-05-06 08:45:00+00:00,13967,2026-05-06 08:45:00+00:00,1,4677.465,4669.025617792491,8.43938220750897,4702.783146622527,3.0,13963,2026-05-06 07:45:00+00:00,4670.345,0.9382458390148131,2026-05-06 09:15:00+00:00,3.0,2.9445757416243312,target,6.448115009377281,50.24467909993299
14090,2026-05-07 16:45:00+00:00,14091,2026-05-07 16:45:00+00:00,-1,4710.975,4731.060564741924,20.085564741923918,4650.718305774229,3.0,14088,2026-05-07 16:00:00+00:00,4726.255,1.6445999962220765,2026-05-08 02:15:00+00:00,-1.0,-1.023454530955592,stop,-2.5711572240618077,47.67352187587118
14320,2026-05-12 05:15:00+00:00,14321,2026-05-12 05:15:00+00:00,-1,4712.535,4725.991857657167,13.456857657167347,4672.164427028498,3.0,14319,2026-05-12 04:45:00+00:00,4717.885,1.5574200640731195,2026-05-12 14:45:00+00:00,3.0,2.96498042024328,target,7.0675529462998865,54.741074822171065
14359,2026-05-12 15:00:00+00:00,14360,2026-05-12 15:00:00+00:00,-1,4672.785,4702.776836673628,29.991836673628313,4582.809489979115,3.0,14355,2026-05-12 13:45:00+00:00,4679.195,2.4287564647893487,2026-05-12 19:30:00+00:00,-1.0,-1.0155801895390713,stop,-2.779697557173649,51.96137726499742
14442,2026-05-13 12:45:00+00:00,14443,2026-05-13 12:45:00+00:00,-1,4682.655,4695.092536116467,12.437536116467527,4645.342391650597,3.0,14441,2026-05-13 12:15:00+00:00,4685.755,1.6445674248052535,2026-05-13 15:45:00+00:00,-1.0,-1.0376493781095444,stop,-2.695884540237,49.26549272476041
14563,2026-05-14 20:00:00+00:00,14564,2026-05-14 20:00:00+00:00,-1,4653.838,4666.013697401434,12.175697401434263,4617.310907795697,3.0,14562,2026-05-14 19:30:00+00:00,4662.975,1.595596630376528,2026-05-15 00:45:00+00:00,3.0,2.961777647336638,target,7.295671756861058,56.561164481621475
14597,2026-05-15 05:30:00+00:00,14598,2026-05-15 05:30:00+00:00,-1,4588.635,4607.6300583461225,18.995058346122278,4531.649824961633,3.0,14596,2026-05-15 05:00:00+00:00,4604.125,1.7202314209070042,2026-05-15 13:45:00+00:00,3.0,2.9758430065526134,target,8.415857288255268,64.97702176987674
14672,2026-05-18 01:15:00+00:00,14673,2026-05-18 01:15:00+00:00,-1,4495.795,4520.339370111507,24.544370111507305,4422.161889665478,3.0,14670,2026-05-18 00:30:00+00:00,4514.358,1.8165651336955262,2026-05-18 02:00:00+00:00,-1.0,-1.0183170111091675,stop,-3.30836032997381,61.668661439902934
14719,2026-05-18 13:00:00+00:00,14720,2026-05-18 13:00:00+00:00,1,4571.065,4548.545775477594,22.51922452240524,4638.622673567215,3.0,14718,2026-05-18 12:30:00+00:00,4566.858,1.8646572017720349,2026-05-18 14:45:00+00:00,-1.0,-1.0202985009339556,stop,-3.14602214108683,58.5226392988161
14757,2026-05-18 23:30:00+00:00,14758,2026-05-18 23:30:00+00:00,1,4585.515,4572.223923914126,13.29107608587401,4625.388228257622,3.0,14756,2026-05-18 23:00:00+00:00,4578.245,1.5468588129972027,2026-05-19 00:30:00+00:00,-1.0,-1.0345007053633044,stop,-3.027085581717375,55.49555371709873
14816,2026-05-19 14:15:00+00:00,14817,2026-05-19 14:15:00+00:00,-1,4492.475,4527.468634344485,34.993634344484235,4387.494096966548,3.0,14813,2026-05-19 13:15:00+00:00,4514.555,2.756065545870189,2026-05-20 01:30:00+00:00,0.5443847247321677,0.5315467469566237,time_exit,1.47492405244402,56.97047776954275
14950,2026-05-21 01:45:00+00:00,14951,2026-05-21 01:45:00+00:00,1,4567.525,4555.897480637138,11.627519362861676,4602.407558088585,3.0,14949,2026-05-21 01:15:00+00:00,4559.915,1.371278399674744,2026-05-21 02:15:00+00:00,-1.0,-1.039282024458189,stop,-2.960419673534032,54.01005809600871
15014,2026-05-21 17:45:00+00:00,15015,2026-05-21 17:45:00+00:00,1,4548.015,4524.677211947689,23.337788052311225,4618.028364156934,3.0,15013,2026-05-21 17:15:00+00:00,4531.475,2.174685936285984,2026-05-22 01:15:00+00:00,-1.0,-1.0194877723193205,stop,-2.7531296905568503,51.25692840545186
15042,2026-05-22 01:45:00+00:00,15043,2026-05-22 01:45:00+00:00,-1,4524.855,4539.588844797539,14.73384479753986,4480.65346560738,3.0,15039,2026-05-22 00:45:00+00:00,4527.265,2.0952447427053,2026-05-22 12:00:00+00:00,0.29659603857979816,0.26588541917137654,time_exit,0.6814234947260402,51.9383519001779
15095,2026-05-22 15:00:00+00:00,15096,2026-05-22 15:00:00+00:00,-1,4500.445,4514.512333015151,14.067333015151235,4458.243000954546,3.0,15092,2026-05-22 14:00:00+00:00,4509.995,1.3754049968339166,2026-05-22 15:30:00+00:00,-1.0,-1.0319921693412162,stop,-2.679998622473603,49.258353277704295
15122,2026-05-24 22:45:00+00:00,15123,2026-05-24 22:45:00+00:00,1,4558.105,4531.724603595716,26.3803964042836,4637.24618921285,3.0,15120,2026-05-24 22:00:00+00:00,4527.698,2.72807426567891,2026-05-25 09:00:00+00:00,-0.08176526110308917,-0.09904364058665091,time_exit,-0.2439363318963611,49.01441694580793
15282,2026-05-26 18:15:00+00:00,15283,2026-05-26 18:15:00+00:00,-1,4487.165,4502.021466920874,14.856466920874482,4442.5955992373765,3.0,15281,2026-05-26 17:45:00+00:00,4496.805,1.8257413460643617,2026-05-26 19:30:00+00:00,-1.0,-1.030203446242627,stop,-2.5247410626572173,46.48967588315071
15326,2026-05-27 06:15:00+00:00,15327,2026-05-27 06:15:00+00:00,-1,4493.745,4509.598301234791,15.853301234790706,4446.185096295628,3.0,15324,2026-05-27 05:30:00+00:00,4495.495,1.9545810486756479,2026-05-27 11:00:00+00:00,3.0,2.9716542003873725,target,6.907562030640618,53.39723791379133
15349,2026-05-27 12:00:00+00:00,15350,2026-05-27 12:00:00+00:00,-1,4428.455,4453.380360407906,24.925360407905828,4353.678918776282,3.0,15347,2026-05-27 11:15:00+00:00,4442.425,2.5666250789519096,2026-05-27 12:30:00+00:00,-1.0,-1.0177668644606455,stop,-2.717296970118925,50.679940943672406
15355,2026-05-27 13:30:00+00:00,15356,2026-05-27 13:30:00+00:00,-1,4404.605,4440.617210171458,36.01221017145872,4296.568369485623,3.0,15354,2026-05-27 13:00:00+00:00,4424.755,2.6314933957198114,2026-05-27 14:15:00+00:00,-1.0,-1.0122308655287446,stop,-2.564990024317959,48.11495091935445
15400,2026-05-28 01:45:00+00:00,15401,2026-05-28 01:45:00+00:00,-1,4417.318,4441.243257933319,23.92525793331879,4345.542226200044,3.0,15399,2026-05-28 01:15:00+00:00,4437.428,2.5674138912440863,2026-05-28 12:00:00+00:00,1.2360577295518462,1.2175947394670106,time_exit,2.929225556455969,51.04417647581042
15447,2026-05-28 13:30:00+00:00,15448,2026-05-28 13:30:00+00:00,1,4428.445,4399.991326407465,28.45367359253487,4513.806020777604,3.0,15445,2026-05-28 12:45:00+00:00,4403.765,2.467663507871009,2026-05-28 17:15:00+00:00,3.0,2.9844362978804893,target,7.6169046534913,58.66108112930172
15492,2026-05-29 01:45:00+00:00,15493,2026-05-29 01:45:00+00:00,1,4506.165,4491.095522525779,15.069477474220548,4551.373432422662,3.0,15490,2026-05-29 01:00:00+00:00,4503.498,2.010430887636224,2026-05-29 12:00:00+00:00,2.1274792078786837,2.0975766116691688,time_exit,6.1523055896025465,64.81338671890427
15607,2026-06-01 07:30:00+00:00,15608,2026-06-01 07:30:00+00:00,-1,4503.635,4515.636659275015,12.00165927501439,4467.630022174957,3.0,15604,2026-06-01 06:30:00+00:00,4504.655,1.4671069174993918,2026-06-01 13:30:00+00:00,3.0,2.962474897038813,target,9.600401557341135,74.4137882762454
15635,2026-06-01 14:30:00+00:00,15636,2026-06-01 14:30:00+00:00,-1,4455.965,4470.8005618788,14.835561878800036,4411.4583143636,3.0,15633,2026-06-01 13:45:00+00:00,4458.725,1.2065013680778776,2026-06-01 15:45:00+00:00,-1.0,-1.0300357009488637,stop,-3.832442928369138,70.58134534787627
15722,2026-06-02 13:15:00+00:00,15723,2026-06-02 13:15:00+00:00,-1,4513.885,4526.737265313264,12.85226531326407,4475.328204060208,3.0,15721,2026-06-02 12:45:00+00:00,4521.075,1.8096146981328356,2026-06-02 23:15:00+00:00,3.0,2.9648786817733876,target,10.463256307640181,81.04460165551644
15799,2026-06-03 09:30:00+00:00,15800,2026-06-03 09:30:00+00:00,-1,4439.715,4459.881672203885,20.166672203884445,4379.214983388347,3.0,15797,2026-06-03 08:45:00+00:00,4450.485,2.1867366470130167,2026-06-03 10:15:00+00:00,-1.0,-1.0220151096577295,stop,-4.141440372406482,76.90316128310997
15900,2026-06-04 11:45:00+00:00,15901,2026-06-04 11:45:00+00:00,1,4491.305,4472.238936356058,19.06606364394247,4548.503190931828,3.0,15899,2026-06-04 11:15:00+00:00,4478.615,2.320263657754715,2026-06-04 14:45:00+00:00,-1.0,-1.0235565404788047,stop,-3.9357366857411797,72.96742459736879
15943,2026-06-04 23:30:00+00:00,15944,2026-06-04 23:30:00+00:00,-1,4469.095,4476.5894182093525,7.494418209352261,4446.6117453719435,3.0,15941,2026-06-04 22:45:00+00:00,4471.748,1.295084392964695,2026-06-05 01:45:00+00:00,3.0,2.9403676859876455,target,10.727552870792165,83.69497746816096
15956,2026-06-05 02:45:00+00:00,15957,2026-06-05 02:45:00+00:00,-1,4442.675,4460.506087906169,17.83108790616916,4389.181736281493,3.0,15952,2026-06-05 01:30:00+00:00,4449.015,2.0552832628839655,2026-06-05 07:15:00+00:00,-1.0,-1.0249153333962475,stop,-4.289013286768581,79.40596418139238
16003,2026-06-05 14:30:00+00:00,16004,2026-06-05 14:30:00+00:00,-1,4360.945,4392.669353394533,31.724353394532955,4265.771939816401,3.0,16001,2026-06-05 13:45:00+00:00,4385.775,2.2601684537824607,2026-06-08 01:45:00+00:00,1.1045142375080967,1.0907678738052151,time_exit,4.330673735879522,83.7366379172719
16083,2026-06-08 11:30:00+00:00,16084,2026-06-08 11:30:00+00:00,1,4325.115,4295.54402267853,29.5709773214694,4413.827931964408,3.0,16082,2026-06-08 11:00:00+00:00,4316.805,2.462576770435932,2026-06-08 22:45:00+00:00,0.07067740701565328,0.05605119107094103,time_exit,0.23467691457696066,83.97131483184887
16128,2026-06-08 23:45:00+00:00,16129,2026-06-08 23:45:00+00:00,-1,4319.475,4328.877440573877,9.402440573876447,4291.267678278371,3.0,16127,2026-06-08 23:15:00+00:00,4322.628,1.4995109355303573,2026-06-09 01:30:00+00:00,-1.0,-1.0459399340635147,stop,-4.391447574922532,79.57986725692633
16136,2026-06-09 01:45:00+00:00,16137,2026-06-09 01:45:00+00:00,1,4335.495,4321.237070137656,14.257929862344099,4378.268789587032,3.0,16135,2026-06-09 01:15:00+00:00,4332.375,1.9054401186908114,2026-06-09 08:15:00+00:00,-1.0,-1.0304076050440552,stop,-4.099985021496664,75.47988223542967
16190,2026-06-09 15:15:00+00:00,16191,2026-06-09 15:15:00+00:00,-1,4294.695,4322.183648637094,27.48864863709423,4212.229054088717,3.0,16188,2026-06-09 14:30:00+00:00,4305.395,2.1908417111302687,2026-06-10 00:00:00+00:00,3.0,2.984376478244898,target,11.263019256205563,86.74290149163524
16226,2026-06-10 01:15:00+00:00,16227,2026-06-10 01:15:00+00:00,-1,4203.045,4222.081414012819,19.036414012818568,4145.935757961544,3.0,16224,2026-06-10 00:30:00+00:00,4210.115,1.6358828116651745,2026-06-10 11:30:00+00:00,1.924206942301976,1.902127967778887,time_exit,8.249804946676415,94.99270643831166
16282,2026-06-10 15:15:00+00:00,16283,2026-06-10 15:15:00+00:00,-1,4123.115,4153.6846818612485,30.569681861248682,4031.4059544162537,3.0,16281,2026-06-10 14:45:00+00:00,4130.345,1.747103640343467,2026-06-10 23:15:00+00:00,3.0,2.986512404614761,target,14.184844806297312,109.17755124460896
16534,2026-06-15 09:15:00+00:00,16535,2026-06-15 09:15:00+00:00,1,4339.965,4326.626560690018,13.338439309982277,4379.980317929947,3.0,16532,2026-06-15 08:30:00+00:00,4332.805,1.4841935956731636,2026-06-15 12:30:00+00:00,-1.0,-1.0325372774066006,stop,-5.636494575801408,103.54105666880756
16622,2026-06-16 08:15:00+00:00,16623,2026-06-16 08:15:00+00:00,1,4337.655,4325.572952335903,12.082047664096535,4373.901142992289,3.0,16621,2026-06-16 07:45:00+00:00,4332.845,1.7854194818777478,2026-06-16 14:30:00+00:00,-1.0,-1.035901654426426,stop,-5.362917595213903,98.17813907359366
16649,2026-06-16 15:00:00+00:00,16650,2026-06-16 15:00:00+00:00,-1,4323.895,4336.1376609236295,12.242660923629046,4287.167017229113,3.0,16647,2026-06-16 14:15:00+00:00,4331.235,1.5104125961519375,2026-06-16 16:00:00+00:00,-1.0,-1.035318261503548,stop,-5.082281013166328,93.09585806042733
16700,2026-06-17 04:45:00+00:00,16701,2026-06-17 04:45:00+00:00,-1,4322.995,4334.662396339179,11.667396339179504,4287.992810982461,3.0,16699,2026-06-17 04:15:00+00:00,4328.435,2.0075923575250667,2026-06-17 09:45:00+00:00,-1.0,-1.0370519255052923,stop,-4.827261942906678,88.26859611752066
16738,2026-06-17 14:15:00+00:00,16739,2026-06-17 14:15:00+00:00,1,4342.165,4331.7254638248405,10.439536175159446,4373.483608525478,3.0,16736,2026-06-17 13:30:00+00:00,4338.135,1.671359412041637,2026-06-17 15:00:00+00:00,-1.0,-1.0415934666746216,stop,-4.59699965142752,83.67159646609313
16780,2026-06-18 01:45:00+00:00,16781,2026-06-18 01:45:00+00:00,1,4322.305,4304.777320908084,17.52767909191607,4374.8880372757485,3.0,16778,2026-06-18 01:00:00+00:00,4315.015,1.126168569393542,2026-06-18 06:00:00+00:00,-1.0,-1.0246598821060884,stop,-4.28674640852876,79.38485005756438
16811,2026-06-18 09:30:00+00:00,16812,2026-06-18 09:30:00+00:00,-1,4266.115,4282.79419064217,16.679190642170397,4216.077428073489,3.0,16809,2026-06-18 08:45:00+00:00,4280.925,1.6552417850909154,2026-06-18 16:45:00+00:00,3.0,2.9744225298965414,target,11.806204327183913,91.1910543847483
16864,2026-06-18 23:45:00+00:00,16865,2026-06-18 23:45:00+00:00,-1,4194.555,4208.792117671254,14.237117671254055,4151.843646986238,3.0,16862,2026-06-18 23:00:00+00:00,4201.145,1.7185632747019275,2026-06-19 04:00:00+00:00,3.0,2.9705378918903707,target,13.544324122566518,104.73537850731482
16884,2026-06-19 04:45:00+00:00,16885,2026-06-19 04:45:00+00:00,-1,4135.085,4156.09826189269,21.013261892690025,4072.04521432193,3.0,16882,2026-06-19 04:00:00+00:00,4145.345,2.4404184892144896,2026-06-19 07:15:00+00:00,-1.0,-1.019678453640929,stop,-5.339820439891808,99.39555806742301
17055,2026-06-23 05:30:00+00:00,17056,2026-06-23 05:30:00+00:00,-1,4124.995,4141.213300991524,16.218300991524302,4076.340097025427,3.0,17053,2026-06-23 04:45:00+00:00,4130.488,1.624129607460345,2026-06-23 14:15:00+00:00,-1.0,-1.0254341993169058,stop,-5.096180225126247,94.29937784229676
17120,2026-06-23 22:45:00+00:00,17121,2026-06-23 22:45:00+00:00,-1,4103.795,4115.66210033441,11.86710033440977,4068.1936989967708,3.0,17119,2026-06-23 22:15:00+00:00,4107.185,1.7217403752422145,2026-06-24 02:45:00+00:00,3.0,2.9654187216391805,target,13.981857024623688,108.28123486692046
17138,2026-06-24 03:15:00+00:00,17139,2026-06-24 03:15:00+00:00,-1,4057.555,4078.211409701212,20.656409701211942,3995.585770896364,3.0,17136,2026-06-24 02:30:00+00:00,4068.255,1.7019724340501812,2026-06-24 05:45:00+00:00,-1.0,-1.0196430795994618,stop,-5.5204105891269695,102.76082427779349
17174,2026-06-24 12:15:00+00:00,17175,2026-06-24 12:15:00+00:00,-1,4037.985,4059.5902138200986,21.60521382009847,3973.1693585397047,3.0,17170,2026-06-24 11:00:00+00:00,4054.515,2.2638791227555535,2026-06-24 13:15:00+00:00,3.0,2.9813101363697516,target,15.318094352054832,118.07891862984832
17311,2026-06-26 00:30:00+00:00,17312,2026-06-26 00:30:00+00:00,-1,4015.215,4025.1584678085474,9.943467808547211,3985.3845965743585,3.0,17309,2026-06-25 23:45:00+00:00,4019.515,1.101293575694713,2026-06-26 01:15:00+00:00,-1.0,-1.040380429416673,stop,-6.142349803458899,111.93656882638942
17320,2026-06-26 02:45:00+00:00,17321,2026-06-26 02:45:00+00:00,-1,3992.005,4017.609569754594,25.60456975459374,3915.191290736219,3.0,17319,2026-06-26 02:15:00+00:00,4011.275,2.6612063570220275,2026-06-26 05:30:00+00:00,-1.0,-1.0155909864460182,stop,-5.684088517688772,106.25248030870064
17343,2026-06-26 08:30:00+00:00,17344,2026-06-26 08:30:00+00:00,1,4035.435,4024.553738395384,10.881261604616157,4068.0787848138484,3.0,17339,2026-06-26 07:15:00+00:00,4033.765,1.1244248387813611,2026-06-26 14:00:00+00:00,3.0,2.9629139051459985,target,15.740847568145027,121.99332787684567
17366,2026-06-26 14:15:00+00:00,17367,2026-06-26 14:15:00+00:00,1,4082.115,4056.7455536078787,25.369446392121063,4158.223339176363,3.0,17365,2026-06-26 13:45:00+00:00,4065.745,2.085950935566512,2026-06-28 22:30:00+00:00,-1.0,-1.0160906743367792,stop,-6.197814139348597,115.79551373749707
17399,2026-06-28 23:30:00+00:00,17400,2026-06-28 23:30:00+00:00,-1,4056.675,4071.4472130110803,14.772213011080112,4012.35836096676,3.0,17395,2026-06-28 22:15:00+00:00,4064.228,1.516118572518634,2026-06-29 01:00:00+00:00,-1.0,-1.0274615252092374,stop,-5.948771757855798,109.84674197964128
17460,2026-06-29 14:45:00+00:00,17461,2026-06-29 14:45:00+00:00,-1,4020.715,4036.5372614993694,15.822261499369233,3973.2482155018924,3.0,17458,2026-06-29 14:00:00+00:00,4024.168,1.446869683242763,2026-06-30 01:15:00+00:00,3.0,2.974588240750791,target,16.337441348871362,126.18418332851265
17575,2026-06-30 20:30:00+00:00,17576,2026-06-30 20:30:00+00:00,-1,4012.635,4023.1511374205666,10.516137420566338,3981.086587738301,3.0,17573,2026-06-30 19:45:00+00:00,4020.345,1.6052365113956757,2026-07-01 01:15:00+00:00,3.0,2.9618430718473445,target,18.68688745841352,144.87107078692617
17614,2026-07-01 07:15:00+00:00,17615,2026-07-01 07:15:00+00:00,-1,3961.265,3978.1140676929417,16.849067692941844,3910.7177969211743,3.0,17610,2026-07-01 06:00:00+00:00,3969.595,2.224133734870614,2026-07-01 08:00:00+00:00,-1.0,-1.0235102919175723,stop,-7.413851597576904,137.45721918934927
17632,2026-07-01 11:45:00+00:00,17633,2026-07-01 11:45:00+00:00,1,4029.055,4013.7770877398398,15.277912260160065,4074.88873678048,3.0,17631,2026-07-01 11:15:00+00:00,4019.125,1.7167603927912216,2026-07-01 13:15:00+00:00,-1.0,-1.0263717642266248,stop,-7.054110428252914,130.40310876109635
17771,2026-07-03 00:30:00+00:00,17772,2026-07-03 00:30:00+00:00,1,4136.865,4121.672056208339,15.192943791660582,4182.4438313749815,3.0,17770,2026-07-03 00:00:00+00:00,4131.905,1.913180264097064,2026-07-03 01:30:00+00:00,3.0,2.9727711425992984,target,19.38292993151125,149.7860386926076
17824,2026-07-03 13:45:00+00:00,17825,2026-07-03 13:45:00+00:00,-1,4166.735,4179.775701868512,13.04070186851277,4127.612894394461,3.0,17822,2026-07-03 13:00:00+00:00,4168.265,1.9543906237280502,2026-07-05 22:15:00+00:00,-1.0,-1.0319517694830578,stop,-7.728598383634709,142.0574403089729
17984,2026-07-07 11:45:00+00:00,17985,2026-07-07 11:45:00+00:00,1,4147.995,4131.982848080883,16.01215191911706,4196.031455757351,3.0,17983,2026-07-07 11:15:00+00:00,4139.045,2.178148897773364,2026-07-07 19:00:00+00:00,-1.0,-1.025905293810307,stop,-7.286874001905851,134.77056630706704
18018,2026-07-07 20:15:00+00:00,18019,2026-07-07 20:15:00+00:00,-1,4112.775,4128.586719033077,15.81171903307768,4065.3398429007666,3.0,18014,2026-07-07 19:00:00+00:00,4124.805,1.7067318517685477,2026-07-08 03:15:00+00:00,-1.0,-1.0260109289280703,stop,-6.913803696443798,127.85676261062325
18043,2026-07-08 03:30:00+00:00,18044,2026-07-08 03:30:00+00:00,1,4129.485,4112.9619039675445,16.523096032455214,4179.054288097365,3.0,18042,2026-07-08 03:00:00+00:00,4126.305,1.6079619686612987,2026-07-08 08:30:00+00:00,-1.0,-1.024992198749488,stop,-6.552609211662704,121.30415339896055
18090,2026-07-08 15:15:00+00:00,18091,2026-07-08 15:15:00+00:00,-1,4033.655,4062.78781704086,29.132817040859663,3946.256548877421,3.0,18088,2026-07-08 14:30:00+00:00,4040.405,2.154240408426276,2026-07-08 17:00:00+00:00,-1.0,-1.0138457430819088,stop,-6.149184977084551,115.154968421876
18148,2026-07-09 06:45:00+00:00,18149,2026-07-09 06:45:00+00:00,1,4102.615,4090.108792101634,12.506207898365574,4140.1336236950965,3.0,18147,2026-07-09 06:15:00+00:00,4099.475,1.3208365739779535,2026-07-09 17:00:00+00:00,2.011001272678937,1.9781966445027481,time_exit,11.389958606498753,126.54492702837476
18246,2026-07-10 08:15:00+00:00,18247,2026-07-10 08:15:00+00:00,-1,4107.185,4115.101607647201,7.9166076472001805,4083.4351770584,3.0,18244,2026-07-10 07:30:00+00:00,4107.955,1.28968647186013,2026-07-10 12:15:00+00:00,-1.0,-1.0518806183536527,stop,-6.655507804606235,119.88941922376853
18340,2026-07-13 08:45:00+00:00,18341,2026-07-13 08:45:00+00:00,1,4075.355,4061.664443469395,13.690556530605136,4116.426669591816,3.0,18338,2026-07-13 08:00:00+00:00,4072.965,1.4531487273733885,2026-07-13 10:45:00+00:00,-1.0,-1.0297676357486971,stop,-6.172912189267226,113.7165070345013
18362,2026-07-13 14:15:00+00:00,18363,2026-07-13 14:15:00+00:00,-1,4035.875,4059.1657350290984,23.290735029098414,3966.0027949127048,3.0,18361,2026-07-13 13:45:00+00:00,4046.275,2.6102519554673633,2026-07-14 01:30:00+00:00,1.6435720020074447,1.6262437597044097,time_exit,9.246537997012018,122.96304503151332
18406,2026-07-14 02:15:00+00:00,18407,2026-07-14 02:15:00+00:00,1,4016.465,3997.4363933585296,19.02860664147056,4073.550819924412,3.0,18405,2026-07-14 01:45:00+00:00,4007.075,2.1368319345589972,2026-07-14 12:30:00+00:00,0.6926413608905873,0.6715338511518206,time_exit,4.128692358968345,127.09173739048167
18475,2026-07-14 19:30:00+00:00,18476,2026-07-14 19:30:00+00:00,-1,4051.415,4060.5501968680665,9.135196868066487,4024.0094093958005,3.0,18472,2026-07-14 18:30:00+00:00,4054.255,0.8664450978629319,2026-07-15 01:15:00+00:00,-1.0,-1.0443495094688364,stop,-6.636409680064586,120.45532771041708
18497,2026-07-15 02:00:00+00:00,18498,2026-07-15 02:00:00+00:00,-1,4036.485,4055.3271175912564,18.842117591256283,3979.9586472262313,3.0,18496,2026-07-15 01:30:00+00:00,4043.635,2.425717669272474,2026-07-15 12:15:00+00:00,-0.06156420552953955,-0.08298687726720633,time_exit,-0.499810574844275,119.9555171355728
18589,2026-07-16 02:00:00+00:00,18590,2026-07-16 02:00:00+00:00,-1,4038.665,4046.572552244166,7.907552244166254,4014.942343267501,3.0,18587,2026-07-16 01:15:00+00:00,4040.355,1.0691272266359162,2026-07-16 12:15:00+00:00,0.8978758256371797,0.8468023091393343,time_exit,5.078930445220302,125.03444758079311
18636,2026-07-16 13:45:00+00:00,18637,2026-07-16 13:45:00+00:00,-1,3986.135,4009.976767320735,23.84176732073456,3914.6096980377965,3.0,18633,2026-07-16 12:45:00+00:00,4000.335,2.3610242903344414,2026-07-16 15:30:00+00:00,-1.0,-1.016719125500958,stop,-6.356245710091968,118.67820187070114
18678,2026-07-17 01:15:00+00:00,18679,2026-07-17 01:15:00+00:00,1,3991.865,3980.710932753508,11.15406724649165,4025.3272017394747,3.0,18677,2026-07-17 00:45:00+00:00,3990.725,1.6441984066385762,2026-07-17 02:00:00+00:00,-1.0,-1.0357884250810445,stop,-6.146275390355191,112.53192648034596
18862,2026-07-21 01:15:00+00:00,18863,2026-07-21 01:15:00+00:00,1,4028.705,4012.895586906287,15.80941309371292,4076.1332392811387,3.0,18860,2026-07-21 00:30:00+00:00,4018.435,2.3438335578966614,2026-07-21 06:45:00+00:00,3.0,2.974517048949767,target,16.73640669334754,129.2683331736935
18909,2026-07-21 13:00:00+00:00,18910,2026-07-21 13:00:00+00:00,-1,4053.715,4064.364674918685,10.649674918684923,4021.7659752439454,3.0,18908,2026-07-21 12:30:00+00:00,4054.185,1.5981006286200716,2026-07-21 14:15:00+00:00,-1.0,-1.0380642135178018,stop,-6.709441530435366,122.55889164325812
18935,2026-07-21 19:30:00+00:00,18936,2026-07-21 19:30:00+00:00,1,4083.855,4070.1496206733004,13.705379326699585,4124.971137980099,3.0,18931,2026-07-21 18:15:00+00:00,4083.305,2.0170311723017758,2026-07-22 02:30:00+00:00,3.0,2.9702025394361455,target,18.201236559464235,140.76012820272234
19008,2026-07-22 14:45:00+00:00,19009,2026-07-22 14:45:00+00:00,1,4150.685,4141.402314388723,9.282685611276975,4178.533056833831,3.0,19005,2026-07-22 13:45:00+00:00,4146.645,1.0384424491601154,2026-07-22 17:45:00+00:00,-1.0,-1.044714268842172,stop,-7.352705720871874,133.40742248185046
19147,2026-07-24 03:30:00+00:00,19148,2026-07-24 03:30:00+00:00,-1,4030.135,4042.57526730704,12.440267307039903,3992.8141980788805,3.0,19145,2026-07-24 02:45:00+00:00,4039.475,1.8866343441252313,2026-07-24 07:15:00+00:00,-1.0,-1.0323958874880395,stop,-6.886463716532091,126.52095876531837
19191,2026-07-24 14:30:00+00:00,19192,2026-07-24 14:30:00+00:00,1,4065.955,4047.0684391485815,18.88656085141838,4122.614682554255,3.0,19189,2026-07-24 13:45:00+00:00,4063.745,2.4460210019673236,2026-07-27 01:45:00+00:00,1.9357679933165146,1.9142396958568177,time_exit,12.109572081321803,138.63053084664017
19283,2026-07-27 14:30:00+00:00,19284,2026-07-27 14:30:00+00:00,-1,4068.115,4090.4005883773752,22.28558837737546,4001.2582348678734,3.0,19281,2026-07-27 13:45:00+00:00,4075.375,2.6861207563877474,2026-07-27 16:45:00+00:00,-1.0,-1.018254465312345,stop,-7.058057853160608,131.57247299347955
19420,2026-07-29 02:45:00+00:00,19421,2026-07-29 02:45:00+00:00,1,4034.535,4025.087357847559,9.447642152440949,4062.8779264573227,3.0,19419,2026-07-29 02:15:00+00:00,4030.445,1.2772230962390212,2026-07-29 03:45:00+00:00,-1.0,-1.0427041470760787,stop,-6.859558161567826,124.71291483191172
19435,2026-07-29 06:30:00+00:00,19436,2026-07-29 06:30:00+00:00,1,4040.885,4028.7643609649595,12.120639035040767,4077.2469171051225,3.0,19432,2026-07-29 05:30:00+00:00,4037.835,1.9906911818966886,2026-07-29 10:45:00+00:00,-1.0,-1.0333388774990973,stop,-6.443535171102409,118.2693796608093
19462,2026-07-29 13:15:00+00:00,19463,2026-07-29 13:15:00+00:00,-1,4015.495,4028.0696016418956,12.574601641895697,3977.771195074313,3.0,19459,2026-07-29 12:15:00+00:00,4024.695,2.2368048094097754,2026-07-29 17:00:00+00:00,-1.0,-1.0319333774091204,stop,-6.102306019873025,112.16707364093628
19526,2026-07-30 06:15:00+00:00,19527,2026-07-30 06:15:00+00:00,-1,4032.215,4052.4878736117107,20.272873611710565,3971.3963791648684,3.0,19524,2026-07-30 05:30:00+00:00,4037.235,1.9893673476211107,2026-07-30 08:15:00+00:00,-1.0,-1.0198897062016448,stop,-5.719902189057638,106.44717145187865
19538,2026-07-30 09:15:00+00:00,19539,2026-07-30 09:15:00+00:00,1,4065.705,4050.70255420281,15.002445797189921,4110.712337391569,3.0,19535,2026-07-30 08:15:00+00:00,4063.765,1.3929353939459965,2026-07-30 14:00:00+00:00,3.0,2.9728997187861093,target,15.82283830374334,122.27000975562198
19560,2026-07-30 14:45:00+00:00,19561,2026-07-30 14:45:00+00:00,1,4110.475,4083.950830591243,26.52416940875719,4190.047508226272,3.0,19557,2026-07-30 13:45:00+00:00,4098.285,2.2507206769869033,2026-07-30 15:15:00+00:00,-1.0,-1.0154970922431332,stop,-6.208241968768683,116.0617677868533
19596,2026-07-31 00:45:00+00:00,19597,2026-07-31 00:45:00+00:00,-1,4092.685,4104.3736795298455,11.688679529845558,4057.6189614104633,3.0,19595,2026-07-31 00:15:00+00:00,4098.535,1.7784683011310736,2026-07-31 08:45:00+00:00,3.0,2.964985908035635,target,17.206075297486215,133.26784308433952
19644,2026-07-31 12:45:00+00:00,19645,2026-07-31 12:45:00+00:00,-1,4044.375,4060.0042361560736,15.629236156073603,3997.487291531779,3.0,19643,2026-07-31 12:15:00+00:00,4050.125,2.438143766280766,2026-08-02 22:15:00+00:00,-1.0,-1.0258769843875468,stop,-6.835820648959751,126.43202243537976
19738,2026-08-03 13:15:00+00:00,19739,2026-08-03 13:15:00+00:00,-1,4038.635,4054.268375264913,15.633375264912956,3991.7348742052613,3.0,19736,2026-08-03 12:30:00+00:00,4045.285,2.2244012954106136,2026-08-03 19:45:00+00:00,-1.0,-1.0258334168505772,stop,-6.484909678710723,119.94711275666904
19766,2026-08-03 20:15:00+00:00,19767,2026-08-03 20:15:00+00:00,1,4052.255,4045.3494479317487,6.905552068251382,4072.9716562047543,3.0,19763,2026-08-03 19:15:00+00:00,4049.265,1.1421182358248947,2026-08-04 01:15:00+00:00,-1.0,-1.0586811157160112,stop,-6.34928715800723,113.59782559866181
19879,2026-08-05 02:30:00+00:00,19880,2026-08-05 02:30:00+00:00,1,4103.875,4091.68918588966,12.185814110339834,4140.432442331019,3.0,19877,2026-08-05 01:45:00+00:00,4092.965,1.7288641503670323,2026-08-05 04:15:00+00:00,3.0,2.9663225209014326,target,16.84838941993719,130.446215018599
19890,2026-08-05 05:15:00+00:00,19891,2026-08-05 05:15:00+00:00,1,4136.905,4126.943145486981,9.961854513018807,4166.790563539056,3.0,19886,2026-08-05 04:00:00+00:00,4136.225,1.1814174134534348,2026-08-05 06:00:00+00:00,3.0,2.9584725414871937,target,19.296077263672977,149.74229228227196
19896,2026-08-05 06:45:00+00:00,19897,2026-08-05 06:45:00+00:00,1,4175.465,4158.903629444838,16.561370555162284,4225.149111665487,3.0,19894,2026-08-05 06:00:00+00:00,4172.645,1.8209804701246564,2026-08-05 09:00:00+00:00,-1.0,-1.025212074001318,stop,-7.675880301820979,142.066411980451
19917,2026-08-05 12:00:00+00:00,19918,2026-08-05 12:00:00+00:00,1,4188.495,4172.814248032633,15.680751967366632,4235.5372559021,3.0,19916,2026-08-05 11:30:00+00:00,4180.695,1.843435326348288,2026-08-05 14:30:00+00:00,3.0,2.9732889404237963,target,21.120224577358282,163.18663655780927
19963,2026-08-06 00:30:00+00:00,19964,2026-08-06 00:30:00+00:00,1,4273.685,4259.7279705085975,13.957029491402864,4315.556088474209,3.0,19960,2026-08-05 23:30:00+00:00,4267.715,1.663152423308078,2026-08-06 04:30:00+00:00,-1.0,-1.0306203050056781,stop,-8.409173057103008,154.77746350070626
20061,2026-08-07 02:00:00+00:00,20062,2026-08-07 02:00:00+00:00,1,4256.595,4237.753523689248,18.841476310752114,4313.119428932257,3.0,20060,2026-08-07 01:30:00+00:00,4252.945,2.052678877630771,2026-08-07 08:45:00+00:00,3.0,2.9774083785697254,target,23.041785832038634,177.8192493327449
20088,2026-08-07 08:45:00+00:00,20089,2026-08-07 08:45:00+00:00,1,4309.025,4287.781182771451,21.243817228548323,4372.756451685645,3.0,20086,2026-08-07 08:00:00+00:00,4298.575,2.419070402688882,2026-08-07 19:00:00+00:00,1.2342414603701604,1.2139577940514286,time_exit,10.793253182993,188.6125025157379
20169,2026-08-10 06:00:00+00:00,20170,2026-08-10 06:00:00+00:00,1,4347.215,4330.303766397383,16.911233602617358,4397.948700807852,3.0,20168,2026-08-10 05:30:00+00:00,4340.615,2.1111913137323945,2026-08-10 11:15:00+00:00,-1.0,-1.0257060785874732,stop,-9.673049516399372,178.93945299933853
20210,2026-08-10 16:15:00+00:00,20211,2026-08-10 16:15:00+00:00,1,4361.225,4347.3807102553965,13.844289744603884,4402.757869233812,3.0,20209,2026-08-10 15:45:00+00:00,4352.125,1.6219187765040226,2026-08-11 00:15:00+00:00,3.0,2.968498022791672,target,26.55907062139799,205.4985236207365
20240,2026-08-11 00:45:00+00:00,20241,2026-08-11 00:45:00+00:00,1,4413.745,4403.077801235502,10.667198764497698,4445.746596293493,3.0,20239,2026-08-11 00:15:00+00:00,4408.865,1.5109368726454018,2026-08-11 01:15:00+00:00,-1.0,-1.0413767953278392,stop,-10.700069698638243,194.79845392209828
20246,2026-08-11 02:15:00+00:00,20247,2026-08-11 02:15:00+00:00,1,4433.695,4413.139108482957,20.555891517042255,4495.3626745511265,3.0,20245,2026-08-11 01:45:00+00:00,4422.015,2.2715961431973453,2026-08-11 03:00:00+00:00,-1.0,-1.0215689745021477,stop,-9.950002840390091,184.8484510817082
20262,2026-08-11 06:15:00+00:00,20263,2026-08-11 06:15:00+00:00,-1,4372.515,4393.037859235244,20.52285923524323,4310.946422294271,3.0,20260,2026-08-11 05:30:00+00:00,4390.345,2.082025514828821,2026-08-11 12:15:00+00:00,-1.0,-1.0213055839338956,stop,-9.439337763564007,175.4091133181442
20335,2026-08-12 01:30:00+00:00,20336,2026-08-12 01:30:00+00:00,1,4390.425,4377.021026805206,13.403973194794162,4430.636919584383,3.0,20334,2026-08-12 01:00:00+00:00,4383.265,1.819599047627186,2026-08-12 11:45:00+00:00,1.69427375524894,1.6615191015638284,time_exit,14.572279618323536,189.98139293646773
20501,2026-08-13 20:00:00+00:00,20502,2026-08-13 20:00:00+00:00,-1,4349.915,4359.83948182907,9.924481829069919,4320.14155451279,3.0,20498,2026-08-13 19:00:00+00:00,4350.925,1.1187958187402656,2026-08-13 22:45:00+00:00,-1.0,-1.0438301472552312,stop,-9.915415268231351,180.06597766823637
20562,2026-08-14 12:15:00+00:00,20563,2026-08-14 12:15:00+00:00,1,4371.515,4360.0164382679495,11.498561732050803,4406.010685196153,3.0,20561,2026-08-14 11:45:00+00:00,4363.355,1.8682627977683015,2026-08-16 23:30:00+00:00,0.25481447752133846,0.21679654882843985,time_exit,1.9518841259946285,182.017861794231
20608,2026-08-17 00:45:00+00:00,20609,2026-08-17 00:45:00+00:00,1,4395.355,4377.2415077139585,18.113492286041037,4449.695476858123,3.0,20607,2026-08-17 00:15:00+00:00,4385.395,2.639513582786496,2026-08-17 11:00:00+00:00,0.18825745726729035,0.16399181632632595,time_exit,1.4924719879735058,183.51033378220453
20701,2026-08-18 01:00:00+00:00,20702,2026-08-18 01:00:00+00:00,1,4434.105,4419.854993022982,14.25000697701762,4476.855020931052,3.0,20699,2026-08-18 00:15:00+00:00,4429.725,2.192289155898843,2026-08-18 01:30:00+00:00,-1.0,-1.0311165110806704,stop,-9.461026755837802,174.04930702636673
20708,2026-08-18 02:45:00+00:00,20709,2026-08-18 02:45:00+00:00,-1,4394.755,4408.676994130216,13.921994130216262,4352.989017609351,3.0,20706,2026-08-18 02:00:00+00:00,4403.885,1.8318531230345305,2026-08-18 13:00:00+00:00,0.05746303241601459,0.02589603878784149,time_exit,0.22535938028758626,174.27466640665432
20847,2026-08-19 14:30:00+00:00,20848,2026-08-19 14:30:00+00:00,1,4485.835,4453.16410275152,32.67089724848029,4583.847691745441,3.0,20846,2026-08-19 14:00:00+00:00,4465.925,2.2650146756306264,2026-08-20 01:45:00+00:00,0.23139860354928146,0.21766823377742384,time_exit,1.8967029414443093,176.17136934809864
20888,2026-08-20 01:45:00+00:00,20889,2026-08-20 01:45:00+00:00,-1,4493.545,4510.871430794248,17.326430794248154,4441.565707617256,3.0,20886,2026-08-20 01:00:00+00:00,4494.235,1.9137635883641797,2026-08-20 12:00:00+00:00,1.5398439711459349,1.5139093452939,time_exit,13.335374121465494,189.50674346956413
20945,2026-08-20 16:00:00+00:00,20946,2026-08-20 16:00:00+00:00,1,4521.465,4497.240235400703,24.224764599297487,4594.139293797893,3.0,20941,2026-08-20 14:45:00+00:00,4501.045,2.2803988701260254,2026-08-21 03:15:00+00:00,0.44045835641719716,0.42179371684364636,time_exit,3.9966376847481433,193.50338115431228
20999,2026-08-21 06:30:00+00:00,21000,2026-08-21 06:30:00+00:00,1,4555.215,4540.311747728543,14.90325227145695,4599.924756814371,3.0,20997,2026-08-21 05:45:00+00:00,4547.875,1.6509453242776406,2026-08-21 09:15:00+00:00,3.0,2.9694347588229166,target,28.72978329746871,222.233164451781
21077,2026-08-24 03:00:00+00:00,21078,2026-08-24 03:00:00+00:00,1,4643.315,4625.4545644347345,17.860435565265107,4696.896306695795,3.0,21074,2026-08-24 02:00:00+00:00,4640.505,1.2174556741065676,2026-08-24 13:15:00+00:00,1.8722947644700485,1.8462969942419232,time_exit,20.515421177409713,242.7485856291907
21160,2026-08-25 00:45:00+00:00,21161,2026-08-25 00:45:00+00:00,1,4693.425,4673.8184480588,19.60655194120045,4752.2446558236015,3.0,21158,2026-08-25 00:00:00+00:00,4682.795,2.126232077629852,2026-08-25 01:15:00+00:00,-1.0,-1.023938043844096,stop,-12.427975595753727,230.32061003343696
21168,2026-08-25 02:45:00+00:00,21169,2026-08-25 02:45:00+00:00,-1,4630.325,4662.736931752107,32.41193175210719,4533.089204743678,3.0,21166,2026-08-25 02:00:00+00:00,4646.755,2.660474269503645,2026-08-25 13:00:00+00:00,-0.31840126281056,-0.33268712838442843,time_exit,-3.8312351179886965,226.48937491544828
21279,2026-08-26 07:30:00+00:00,21280,2026-08-26 07:30:00+00:00,-1,4631.125,4640.008509033553,8.88350903355331,4604.47447289934,3.0,21275,2026-08-26 06:15:00+00:00,4635.085,1.2203893068974236,2026-08-26 13:30:00+00:00,3.0,2.947868291882092,target,33.383042338072265,259.87241725352055
21336,2026-08-26 22:45:00+00:00,21337,2026-08-26 22:45:00+00:00,1,4610.595,4601.106425785957,9.488574214043183,4639.06072264213,3.0,21335,2026-08-26 22:15:00+00:00,4606.575,1.1635590733384749,2026-08-27 01:00:00+00:00,-1.0,-1.0485910200625956,stop,-13.624994154700081,246.24742309882046
21381,2026-08-27 10:00:00+00:00,21382,2026-08-27 10:00:00+00:00,-1,4580.325,4599.970090721111,19.645090721111046,4521.389727836667,3.0,21380,2026-08-27 09:30:00+00:00,4593.285,2.345470749076958,2026-08-27 12:00:00+00:00,-1.0,-1.0233153670045305,stop,-12.59943860711447,233.64798449170598
21463,2026-08-28 07:30:00+00:00,21464,2026-08-28 07:30:00+00:00,1,4607.195,4586.868991363838,20.326008636161532,4668.173025908484,3.0,21461,2026-08-28 06:45:00+00:00,4590.015,2.400689275195732,2026-08-28 14:15:00+00:00,-1.0,-1.0226665012421743,stop,-11.947198341120938,221.70078615058503
21499,2026-08-28 16:30:00+00:00,21500,2026-08-28 16:30:00+00:00,-1,4480.765,4531.741801262077,50.97680126207706,4327.834596213769,3.0,21498,2026-08-28 16:00:00+00:00,4523.835,2.4598733500478067,2026-08-31 03:45:00+00:00,1.142480472648387,1.1336906606376962,time_exit,12.567005535747668,234.2677916863327
21583,2026-08-31 14:30:00+00:00,21584,2026-08-31 14:30:00+00:00,-1,4419.915,4434.698305122152,14.783305122152342,4375.565084633543,3.0,21581,2026-08-31 13:45:00+00:00,4431.685,1.5119652860656156,2026-08-31 14:45:00+00:00,-1.0,-1.0298980164684344,stop,-12.063596699009723,222.20419498732298
21608,2026-08-31 20:45:00+00:00,21609,2026-08-31 20:45:00+00:00,1,4447.965,4440.385798752368,7.579201247632227,4470.702603742897,3.0,21605,2026-08-31 19:45:00+00:00,4445.205,0.9384058800360204,2026-09-01 01:30:00+00:00,-1.0,-1.0586864612071036,stop,-11.76222864282511,210.44196634449787
21716,2026-09-02 01:45:00+00:00,21717,2026-09-02 01:45:00+00:00,-1,4308.805,4332.183594225443,23.378594225442612,4238.6692173236725,3.0,21713,2026-09-02 00:45:00+00:00,4315.445,2.650147941132776,2026-09-02 11:45:00+00:00,-1.0,-1.0184305564246066,stop,-10.716026443965767,199.7259399005321
21765,2026-09-02 14:00:00+00:00,21766,2026-09-02 14:00:00+00:00,1,4384.845,4355.4087415132335,29.436258486766747,4473.1537754603005,3.0,21764,2026-09-02 13:30:00+00:00,4358.175,2.643463860768702,2026-09-03 01:15:00+00:00,0.5472842279613092,0.5323881602359519,time_exit,5.31658628475203,205.04252618528412
21806,2026-09-03 01:15:00+00:00,21807,2026-09-03 01:15:00+00:00,1,4400.915,4384.637626257346,16.277373742654163,4449.747121227962,3.0,21805,2026-09-03 00:45:00+00:00,4392.785,2.5790237225190755,2026-09-03 11:30:00+00:00,2.039026720448559,2.0119897114716894,time_exit,20.627172654947806,225.66969884023192
21994,2026-09-07 02:15:00+00:00,21995,2026-09-07 02:15:00+00:00,-1,4403.335,4417.566656261581,14.23165626158061,4360.640031215258,3.0,21990,2026-09-07 01:00:00+00:00,4409.465,1.5788738179113428,2026-09-07 02:45:00+00:00,-1.0,-1.0309404254787065,stop,-11.632600767000014,214.0370980732319
22069,2026-09-08 00:30:00+00:00,22070,2026-09-08 00:30:00+00:00,1,4421.105,4409.895967006409,11.209032993590881,4454.732098980772,3.0,22066,2026-09-07 23:30:00+00:00,4417.065,2.0104897248955815,2026-09-08 06:15:00+00:00,-1.0,-1.039442340856057,stop,-11.123961112563881,202.91313696066803
22095,2026-09-08 07:00:00+00:00,22096,2026-09-08 07:00:00+00:00,-1,4403.605,4412.397439843834,8.792439843834472,4377.227680468496,3.0,22093,2026-09-08 06:15:00+00:00,4408.375,1.0121378106373646,2026-09-08 13:15:00+00:00,-1.0,-1.0500839935013937,stop,-10.653791859677678,192.25934510099034
22174,2026-09-09 03:45:00+00:00,22175,2026-09-09 03:45:00+00:00,1,4378.245,4371.804843272291,6.440156727709109,4397.565470183127,3.0,22171,2026-09-09 02:45:00+00:00,4377.945,0.7726977041838982,2026-09-09 04:15:00+00:00,-1.0,-1.0679835163197562,stop,-10.26649057131446,181.9928545296759
22183,2026-09-09 06:00:00+00:00,22184,2026-09-09 06:00:00+00:00,1,4398.655,4383.0797078442465,15.575292155753232,4445.380876467259,3.0,22182,2026-09-09 05:30:00+00:00,4388.365,2.160004625331821,2026-09-09 15:15:00+00:00,-1.0,-1.0282412359011528,stop,-9.356627883338634,172.63622664633726
22275,2026-09-10 06:00:00+00:00,22276,2026-09-10 06:00:00+00:00,1,4430.748,4416.414995169562,14.333004830437858,4473.747014491313,3.0,22274,2026-09-10 05:30:00+00:00,4420.945,1.992990675126207,2026-09-10 06:15:00+00:00,-1.0,-1.0309129038357034,stop,-8.898645685960709,163.73758096037656
22287,2026-09-10 09:00:00+00:00,22288,2026-09-10 09:00:00+00:00,-1,4394.565,4406.784749606916,12.219749606916594,4357.90575117925,3.0,22286,2026-09-10 08:30:00+00:00,4403.745,1.5168042917630715,2026-09-10 12:45:00+00:00,3.0,2.9640371927300984,target,24.26621399071059,188.00379495108714
22371,2026-09-11 07:00:00+00:00,22372,2026-09-11 07:00:00+00:00,1,4352.948,4344.484640270046,8.46335972995439,4378.3380791898635,3.0,22368,2026-09-11 06:00:00+00:00,4351.768,0.8390920008828201,2026-09-11 07:45:00+00:00,-1.0,-1.0514328604584016,stop,-9.883668395122818,178.12012655596433
22396,2026-09-11 13:15:00+00:00,22397,2026-09-11 13:15:00+00:00,1,4389.168,4350.484698936071,38.68330106392841,4505.217903191785,3.0,22395,2026-09-11 12:45:00+00:00,4362.225,2.684319245791737,2026-09-11 18:15:00+00:00,-1.0,-1.011346415324655,stop,-9.00705757447742,169.11306898148692
22418,2026-09-11 18:45:00+00:00,22419,2026-09-11 18:45:00+00:00,-1,4346.935,4361.267546252075,14.33254625207428,4303.937361243778,3.0,22416,2026-09-11 18:00:00+00:00,4351.798,1.235079659067997,2026-09-14 06:00:00+00:00,0.6827816793951582,0.6524525604546149,time_exit,5.516912743165452,174.62998172465237
22469,2026-09-14 08:30:00+00:00,22470,2026-09-14 08:30:00+00:00,-1,4310.368,4322.890271532738,12.52227153273725,4272.801185401789,3.0,22467,2026-09-14 07:45:00+00:00,4315.495,1.4514767733971545,2026-09-14 13:00:00+00:00,3.0,2.9655783857686577,target,25.89394496549024,200.52392669014262
22559,2026-09-15 08:00:00+00:00,22560,2026-09-15 08:00:00+00:00,-1,4280.745,4293.694641301269,12.949641301269367,4241.896076096192,3.0,22558,2026-09-15 07:30:00+00:00,4285.825,1.8289564711972026,2026-09-15 13:00:00+00:00,-1.0,-1.0330568615794817,stop,-10.357630918905642,190.16629577123697
