strategy,family,trades,trades_per_30d,win_rate,avg_win_r,avg_loss_r,expectancy_r,profit_factor,net_r,ending_balance_rm,return_pct,max_drawdown_pct,target_8mo_70,cost_model
Structural Portfolio 3.5R,Structural Portfolio,38,4.408992023205221,34.21052631578947,3.3602699972435977,1.058370127260721,0.45326991533286143,1.6509729002736933,17.224256782648734,193.17929447527777,93.17929447527777,31.556840535044174,NO,1.0 bps round trip
Legacy Python Regime Router,Legacy,785,91.08049311094996,41.146496815286625,1.5660305038534452,1.0,0.0558316595473411,1.0948654821313046,43.82785274466276,185.45275284923616,85.45275284923616,90.396153746923,NO,no explicit transaction cost in legacy replay
Structural Frequency STRICT_FVG,Structural Frequency,39,4.525018129079043,33.333333333333336,3.3602699972435977,1.0574680922670523,0.41511127090316424,1.5888280799280123,16.189339565223406,183.18306558015064,83.18306558015065,35.0984907423077,NO,1.0 bps round trip
V3 Classic M15 Only,V3 M5,4,0.46410442349528647,50.0,2.9620319166875237,1.013621676828515,0.9742051199295044,2.9222262944842705,3.8968204797180177,118.79133606606598,18.791336066065977,9.879365978530117,NO,1.0 bps round trip
V3 M5 Combined,V3 M5,131,15.199419869470631,34.35114503816794,2.2053933482634385,1.034633204542176,0.07835301588723335,1.1153565210038194,10.26424508122757,114.76861447161251,14.768614471612507,70.73499863693739,NO,1.0 bps round trip
Outcome First RETEST_BODY,Outcome First,7,0.8121827411167513,28.571428571428573,3.427321244298808,1.0507588553484166,0.2286926016936477,1.3047032539782337,1.6008482118555338,104.75964050807092,4.759640508070917,19.413951068108883,NO,1.0 bps round trip
Route A Structural Asymmetric,Route A/B,94,10.90645395213923,30.851063829787233,2.573012005620566,1.0456866744552773,0.07072036514258918,1.097804180306339,6.647714323403383,100.67092628171568,0.670926281715678,69.40899450506359,NO,1.0 bps round trip
V3 M5 Range Only,V3 M5,0,0.0,0.0,,,0.0,,0.0,100.0,0.0,0.0,NO,1.0 bps round trip
Structural Frequency FULL_STRUCTURAL_ROUTER,Structural Frequency,89,10.326323422770123,25.84269662921348,3.3277545830590456,1.0451708153877766,0.0849110291546606,1.1095526535935976,7.557081594764793,99.0241156837395,-0.9758843162605002,68.67154049866801,NO,1.0 bps round trip
Structural A+ R4.0 RB4 SCALE_25_2R_RUN4R,Structural A+,7,0.8121827411167513,28.571428571428573,2.4548002150930563,1.075985742627115,-0.06718975470706627,0.9125772276868437,-0.47032828294946394,95.46449643078324,-4.535503569216759,15.019030754522007,NO,1.0 bps round trip
Structural A+ R4.0 RB6 SCALE_25_2R_RUN4R,Structural A+,7,0.8121827411167513,28.571428571428573,2.4548002150930563,1.075985742627115,-0.06718975470706627,0.9125772276868437,-0.47032828294946394,95.46449643078324,-4.535503569216759,15.019030754522007,NO,1.0 bps round trip
Structural A+ R4.0 RB8 SCALE_25_2R_RUN4R,Structural A+,7,0.8121827411167513,28.571428571428573,2.4548002150930563,1.075985742627115,-0.06718975470706627,0.9125772276868437,-0.47032828294946394,95.46449643078324,-4.535503569216759,15.019030754522007,NO,1.0 bps round trip
V3 Asymmetry balanced_3_5r,V3 Asymmetry,10,1.160261058738216,20.0,4.291494931153621,1.0590083711144451,0.011092289339167971,1.013092778161299,0.11092289339167971,95.3590423872143,-4.6409576127857015,23.592770480417443,NO,1.0 bps round trip
Structural A+ R4.0 RB4 FULL_3_5R,Structural A+,7,0.8121827411167513,28.571428571428573,2.392577002569676,1.075985742627115,-0.0849678154280319,0.8894456154141916,-0.5947747079962233,94.91451626556659,-5.085483734433405,15.019030754522003,NO,1.0 bps round trip
Structural A+ R4.0 RB6 FULL_3_5R,Structural A+,7,0.8121827411167513,28.571428571428573,2.392577002569676,1.075985742627115,-0.0849678154280319,0.8894456154141916,-0.5947747079962233,94.91451626556659,-5.085483734433405,15.019030754522003,NO,1.0 bps round trip
Structural A+ R4.0 RB8 FULL_3_5R,Structural A+,7,0.8121827411167513,28.571428571428573,2.392577002569676,1.075985742627115,-0.0849678154280319,0.8894456154141916,-0.5947747079962233,94.91451626556659,-5.085483734433405,15.019030754522003,NO,1.0 bps round trip
Route B Precision A+,Route A/B,1,0.11602610587382162,0.0,,1.0888993723460993,-1.0888993723460993,0.0,-1.0888993723460993,94.5555031382695,-5.444496861730497,5.444496861730499,NO,1.0 bps round trip
V3 M5 Trend Only,V3 M5,128,14.851341551849167,33.59375,2.17020085670883,1.0354758166225833,0.04143119082468827,1.060252975610513,5.303192425560098,91.47265739623361,-8.527342603766385,68.4792422113246,NO,1.0 bps round trip
Structural A+ R3.5 RB4 SCALE_25_2R_RUN4R,Structural A+,8,0.9282088469905729,25.0,2.4548002150930563,1.075630578786658,-0.19302288031672948,0.760732127276802,-1.5441830425338359,90.33874623760715,-9.66125376239284,19.581891669439486,NO,1.0 bps round trip
Structural A+ R3.5 RB6 SCALE_25_2R_RUN4R,Structural A+,8,0.9282088469905729,25.0,2.4548002150930563,1.075630578786658,-0.19302288031672948,0.760732127276802,-1.5441830425338359,90.33874623760715,-9.66125376239284,19.581891669439486,NO,1.0 bps round trip
Structural A+ R3.5 RB8 SCALE_25_2R_RUN4R,Structural A+,8,0.9282088469905729,25.0,2.4548002150930563,1.075630578786658,-0.19302288031672948,0.760732127276802,-1.5441830425338359,90.33874623760715,-9.66125376239284,19.581891669439486,NO,1.0 bps round trip
Structural A+ R3.5 RB4 FULL_3_5R,Structural A+,8,0.9282088469905729,25.0,2.392577002569676,1.075630578786658,-0.20857868344757444,0.7414494188356537,-1.6686294675805955,89.81829601329525,-10.181703986704749,19.581891669439486,NO,1.0 bps round trip
Structural A+ R3.5 RB6 FULL_3_5R,Structural A+,8,0.9282088469905729,25.0,2.392577002569676,1.075630578786658,-0.20857868344757444,0.7414494188356537,-1.6686294675805955,89.81829601329525,-10.181703986704749,19.581891669439486,NO,1.0 bps round trip
Structural A+ R3.5 RB8 FULL_3_5R,Structural A+,8,0.9282088469905729,25.0,2.392577002569676,1.075630578786658,-0.20857868344757444,0.7414494188356537,-1.6686294675805955,89.81829601329525,-10.181703986704749,19.581891669439486,NO,1.0 bps round trip
Outcome First RETEST_FVG,Outcome First,2,0.23205221174764323,0.0,,1.053192736778475,-1.053192736778475,0.0,-2.10638547355695,89.74532316386262,-10.254676836137378,10.254676836137378,NO,1.0 bps round trip
V3 Asymmetry pullback_only,V3 Asymmetry,6,0.6961566352429297,16.666666666666668,3.495365353213344,1.0533989499824465,-0.29527156611648153,0.663635625091821,-1.7716293966988892,89.63088200882567,-10.369117991174337,19.45866018510344,NO,1.0 bps round trip
Outcome First SWEEP_FVG_LONDON,Outcome First,21,2.436548223350254,23.80952380952381,3.21654968126269,1.060650001350803,-0.042269124538066555,0.9476941254084218,-0.8876516152993976,88.0498695046791,-11.95013049532091,32.49503595902351,NO,1.0 bps round trip
V3 Asymmetry sweep_only,V3 Asymmetry,8,0.9282088469905729,12.5,4.959610792814354,1.0511301921089438,-0.2997875689935314,0.6740514475408333,-2.398300551948251,85.52229438691566,-14.477705613084336,19.223931376231633,NO,1.0 bps round trip
V3 Asymmetry quality_location,V3 Asymmetry,3,0.34807831762146485,0.0,,1.0630453310521613,-1.0630453310521613,0.0,-3.1891359931564836,84.88677194810202,-15.113228051897975,15.113228051897975,NO,1.0 bps round trip
Structural Frequency DISPLACEMENT_RETRACE,Structural Frequency,88,10.210297316896302,25.0,3.3237229497303815,1.0451301887682916,0.04708309585637659,1.060066642238916,4.14331243536114,84.58849963712451,-15.411500362875486,68.6671096717486,NO,1.0 bps round trip
Structural Frequency M15_LIQUIDITY_RETRACE,Structural Frequency,88,10.210297316896302,25.0,3.3237229497303815,1.0451708153877766,0.047052625891762706,1.0600254366068136,4.140631078475118,84.57653786158009,-15.423462138419907,68.67154049866801,NO,1.0 bps round trip
Structural A+ R3.0 RB4 SCALE_25_2R_RUN4R,Structural A+,10,1.160261058738216,20.0,2.4548002150930563,1.065022895299804,-0.36105827322123185,0.5762317941535966,-3.6105827322123183,81.24602067895073,-18.753979321049275,26.016699638007314,NO,1.0 bps round trip
Structural A+ R3.0 RB6 SCALE_25_2R_RUN4R,Structural A+,10,1.160261058738216,20.0,2.4548002150930563,1.065022895299804,-0.36105827322123185,0.5762317941535966,-3.6105827322123183,81.24602067895073,-18.753979321049275,26.016699638007314,NO,1.0 bps round trip
Structural A+ R3.0 RB8 SCALE_25_2R_RUN4R,Structural A+,10,1.160261058738216,20.0,2.4548002150930563,1.065022895299804,-0.36105827322123185,0.5762317941535966,-3.6105827322123183,81.24602067895073,-18.753979321049275,26.016699638007314,NO,1.0 bps round trip
V3 Asymmetry balanced_3r,V3 Asymmetry,13,1.5083393763596809,15.384615384615385,4.227488073013849,1.0546443319951708,-0.24200857737839862,0.7288089185852151,-3.146111505919182,80.79010684191253,-19.209893158087464,27.504127017412262,NO,1.0 bps round trip
Structural A+ R3.0 RB4 FULL_3_5R,Structural A+,10,1.160261058738216,20.0,2.392577002569676,1.065022895299804,-0.37350291572590777,0.5616257202377245,-3.7350291572590777,80.77795452297822,-19.222045477021776,26.44292456222159,NO,1.0 bps round trip
Structural A+ R3.0 RB6 FULL_3_5R,Structural A+,10,1.160261058738216,20.0,2.392577002569676,1.065022895299804,-0.37350291572590777,0.5616257202377245,-3.7350291572590777,80.77795452297822,-19.222045477021776,26.44292456222159,NO,1.0 bps round trip
Structural A+ R3.0 RB8 FULL_3_5R,Structural A+,10,1.160261058738216,20.0,2.392577002569676,1.065022895299804,-0.37350291572590777,0.5616257202377245,-3.7350291572590777,80.77795452297822,-19.222045477021776,26.44292456222159,NO,1.0 bps round trip
V3 Asymmetry strict_4r,V3 Asymmetry,4,0.46410442349528647,0.0,,1.0583799102823968,-1.0583799102823968,0.0,-4.233519641129587,80.45393448812067,-19.54606551187933,19.546065511879334,NO,1.0 bps round trip
Outcome First PB_FVG,Outcome First,9,1.0442349528643944,11.11111111111111,3.418419168769531,1.0615364973015982,-0.5637636455159172,0.40253198753164343,-5.073872809643254,75.69029372977113,-24.30970627022887,27.647299454931666,NO,1.0 bps round trip
V3 Asymmetry high_frequency_quality,V3 Asymmetry,29,3.3647570703408265,20.689655172413794,3.3196230997021434,1.0551724665544369,-0.15004234939790315,0.8207081421795517,-4.351228132539191,72.01357935379002,-27.986420646209975,45.23613458988843,NO,1.0 bps round trip
Structural Router QUALITY_CORE,Structural Router,25,2.9006526468455403,20.0,3.211114589594571,1.0602243898962693,-0.20595659399810123,0.7571780606529768,-5.148914849952531,70.75456331830452,-29.24543668169548,45.754783290356585,NO,1.0 bps round trip
Structural Router LONDON_CORE,Structural Router,26,3.0166787527193617,19.23076923076923,3.211114589594571,1.063698135943148,-0.2416187656474329,0.7187669761992282,-6.282087906833255,66.74639610505062,-33.25360389494938,45.98024774181857,NO,1.0 bps round trip
V4 CORE,V4 Confluence,343,39.796954314720814,55.97667638483965,0.47968750000000643,1.0,-0.01253644314868888,0.9303030303030427,-4.300000000000286,66.39761362934296,-33.602386370657044,58.6521469226385,NO,no explicit transaction cost in v4 Python replay
A+ v2 ROBUST_EFF20 4.0R,V3 A+ v2,81,9.39811457577955,20.987654320987655,3.5793924618379482,1.027368365808841,-0.06051732790766303,0.9254481199906954,-4.901903560520705,55.4577235663609,-44.5422764336391,64.54433075740721,NO,1.0 bps round trip
A+ v2 ROBUST_EFF20 3.5R,V3 A+ v2,81,9.39811457577955,22.22222222222222,3.2206633012486514,1.0267500671077878,-0.08288042969524577,0.8962156849276063,-6.713314805314908,52.62736499539402,-47.37263500460598,70.57541420263789,NO,1.0 bps round trip
V4 QUALITY65 London/NY proxy,V4 Confluence,116,13.459028281363306,52.58620689655172,0.45573770491803867,1.0,-0.0987068965517247,0.6950000000000089,-11.450000000000065,52.509168766032914,-47.49083123396709,60.46656591376397,NO,no explicit transaction cost in v4 Python replay
A+ v2 ADAPTIVE03 4.0R,V3 A+ v2,99,11.48658448150834,22.22222222222222,3.351500530079036,1.029303338746305,-0.0557913678962293,0.9303103798234125,-5.523345421726701,50.08539812698753,-49.91460187301248,71.31303739132765,NO,1.0 bps round trip
V4 CORE SD SCORE65,V4 Confluence,174,20.18854242204496,55.172413793103445,0.41093750000000845,1.0,-0.07672413793103304,0.7305555555555706,-13.34999999999975,46.51891488465532,-53.48108511534468,61.33187769486527,NO,no explicit transaction cost in v4 Python replay
A+ Hybrid HYBRID03,V3 A+ Hybrid,99,11.48658448150834,23.232323232323232,3.040741391236932,1.0288162618353986,-0.08336347374788745,0.8944496724410039,-8.252983901040858,45.652313033002095,-54.3476869669979,76.49115982215869,NO,1.0 bps round trip
A+ v2 ADAPTIVE07 4.0R,V3 A+ v2,95,11.022480058013054,21.05263157894737,3.4674487541749492,1.0294871452158667,-0.08276379797569502,0.8981685739450735,-7.862560807691027,45.465916480232124,-54.534083519767876,73.95889630884948,NO,1.0 bps round trip
V4 CORE SD M15 SCORE65,V4 Confluence,173,20.07251631617114,54.91329479768786,0.4089473684210614,1.0,-0.08063583815028756,0.7194444444444599,-13.949999999999747,45.16399503364593,-54.83600496635407,62.458133684335216,NO,no explicit transaction cost in v4 Python replay
Outcome First PB_BODY,Outcome First,19,2.2044960116026107,5.2631578947368425,3.447691363410545,1.0431344981594932,-0.8067752422873858,0.1836181330560096,-15.328729603460332,44.70176038151235,-55.298239618487656,55.298239618487656,NO,1.0 bps round trip
Outcome First PORTFOLIO_BODY,Outcome First,42,4.873096446700508,16.666666666666668,3.281428331031299,1.0513786770908464,-0.3292441757371553,0.6242143582578593,-13.828255380960524,43.70379590476131,-56.2962040952387,66.40195360919859,NO,1.0 bps round trip
Structural Router ROBUST_CORE,Structural Router,34,3.9448875997099346,14.705882352941176,3.211114589594571,1.0563288638795514,-0.4287636501333567,0.5241175029985282,-14.577964104534129,43.59595603546941,-56.40404396453058,64.71655577047068,NO,1.0 bps round trip
Outcome First CORE_PB_SWEEP,Outcome First,39,4.525018129079043,15.384615384615385,3.255073294953999,1.0516863149021154,-0.38910791338578976,0.5627452784992629,-15.175208622045801,41.521388264122095,-58.478611735877905,62.59013300498224,NO,1.0 bps round trip
A+ v2 ADAPTIVE05 4.0R,V3 A+ v2,97,11.254532269760697,20.61855670103093,3.4674487541749492,1.029792255086778,-0.10252606761013325,0.8745803200564438,-9.945028558182925,40.85508221968542,-59.14491778031458,76.59980234081765,NO,1.0 bps round trip
A+ v2 ADAPTIVE03 3.5R,V3 A+ v2,101,11.718636693255982,22.77227722772277,3.0154469231725822,1.0288493238574035,-0.10787097057334732,0.8642375768327452,-10.89496802790808,40.137756892084894,-59.862243107915106,79.7895911338852,NO,1.0 bps round trip
A+ Hybrid HYBRID07,V3 A+ Hybrid,95,11.022480058013054,22.105263157894736,3.0739531152480772,1.0289893879353351,-0.1220231503895283,0.8477619462814803,-11.592199287005188,39.70999083753143,-60.29000916246857,78.65942961334018,NO,1.0 bps round trip
A+ v2 ROBUST_EFF20 3.0R,V3 A+ v2,81,9.39811457577955,22.22222222222222,2.846794496842309,1.0267500671077878,-0.16596238622998846,0.7921790144429302,-13.442953284629066,39.45814396320957,-60.541856036790435,75.95171255216098,NO,1.0 bps round trip
V4 CORE SD SCORE60,V4 Confluence,225,26.105873821609862,51.111111111111114,0.45173913043478947,1.0,-0.07600000000000104,0.7316901408450815,-17.100000000000232,37.37743898340716,-62.62256101659285,70.64088358803014,NO,no explicit transaction cost in v4 Python replay
Outcome First PORTFOLIO_FVG_RETEST,Outcome First,41,4.757070340826686,14.634146341463415,3.255073294953999,1.051772396152193,-0.4215022950147014,0.530544979969708,-17.281594095602756,37.263504079758505,-62.736495920241495,66.42639397015013,NO,1.0 bps round trip
A+ Hybrid HYBRID05,V3 A+ Hybrid,97,11.254532269760697,21.649484536082475,3.1215721628671247,1.0293116112856147,-0.13066667048966066,0.8379772142125063,-12.674667037497084,37.23897727144405,-62.76102272855595,80.82364053650943,NO,1.0 bps round trip
A+ v2 ADAPTIVE07 3.5R,V3 A+ v2,97,11.254532269760697,21.649484536082475,3.1176782216537893,1.0290187640605524,-0.13128024138012784,0.8371700781643726,-12.7341834138724,37.212668970278365,-62.78733102972163,81.26244929653708,NO,1.0 bps round trip
V4 CORE SD M15 SCORE60,V4 Confluence,224,25.98984771573604,50.892857142857146,0.450438596491235,1.0,-0.07901785714285817,0.7232394366197294,-17.70000000000023,36.288775712045755,-63.71122428795424,71.49600348352442,NO,no explicit transaction cost in v4 Python replay
A+ v2 ROBUST 3.5R,V3 A+ v2,93,10.790427846265409,20.43010752688172,3.2346050042524452,1.0297380659982536,-0.15852819143090632,0.8065222775618376,-14.743121803074288,34.20936856341853,-65.79063143658146,80.8731350988979,NO,1.0 bps round trip
A+ v2 ADAPTIVE03 3.0R,V3 A+ v2,101,11.718636693255982,23.762376237623762,2.6695891777379637,1.0285032048432903,-0.1497485792794281,0.8090200786854286,-15.12460650722224,34.16678774223118,-65.83321225776882,84.17872171058696,NO,1.0 bps round trip
A+ Hybrid HYBRID10,V3 A+ Hybrid,92,10.674401740391588,21.73913043478261,2.930391731800831,1.0287430357519471,-0.16806156454482163,0.7912546427913622,-15.46166393812359,33.88019564902182,-66.11980435097817,78.20081433348443,NO,1.0 bps round trip
A+ v2 ADAPTIVE05 3.5R,V3 A+ v2,99,11.48658448150834,21.21212121212121,3.1176782216537893,1.0293319720396654,-0.1496631430743869,0.8154559740008941,-14.816651164364304,33.43882116740517,-66.56117883259482,83.16268022622306,NO,1.0 bps round trip
A+ v2 ROBUST 4.0R,V3 A+ v2,93,10.790427846265409,19.35483870967742,3.477773755344776,1.0302258409046128,-0.15770979001763416,0.8101774078486028,-14.667010471639976,33.38401307963431,-66.6159869203657,78.65666944793465,NO,1.0 bps round trip
A+ v2 ADAPTIVE07 3.0R,V3 A+ v2,97,11.254532269760697,22.68041237113402,2.758459258521423,1.0286656744087714,-0.16973012261017076,0.786599639996099,-16.463821893186562,32.366986721898236,-67.63301327810176,85.01213786381405,NO,1.0 bps round trip
A+ FREQUENCY SCALE_2R_RUN4R,V3 A+ v1,110,12.762871646120377,29.09090909090909,2.015361560462364,1.0474113001771699,-0.15642283162748716,0.7893890385030129,-17.206511479023586,30.31396721331397,-69.68603278668604,73.62409774757701,NO,1.0 bps round trip
V4 CORE SD M15,V4 Confluence,285,33.067440174039156,52.280701754385966,0.4560402684563829,1.0,-0.07298245614035163,0.7467032967033083,-20.800000000000217,29.924770432085573,-70.07522956791443,75.51172318380662,NO,no explicit transaction cost in v4 Python replay
A+ v2 FREQ16 4.0R,V3 A+ v2,94,10.90645395213923,20.21276595744681,3.2016464990567655,1.0390601948289246,-0.18189607585202988,0.7805936400966524,-17.09823113009081,29.78559614218598,-70.214403857814,80.64670584863292,NO,1.0 bps round trip
A+ v2 ADAPTIVE05 3.0R,V3 A+ v2,99,11.48658448150834,22.22222222222222,2.758459258521423,1.0289921211837634,-0.1873362590270552,0.765925414291542,-18.546289643678463,29.084554015348147,-70.91544598465185,86.53210168682251,NO,1.0 bps round trip
A+ APLUS_CORE SCALE_2R_RUN4R,V3 A+ v1,90,10.442349528643945,27.77777777777778,1.9482238640557241,1.0491681220339983,-0.21655923700907556,0.7142009512622053,-19.4903313308168,29.06183333264724,-70.93816666735276,74.38771185007734,NO,1.0 bps round trip
A+ v2 FREQ16 3.5R,V3 A+ v2,96,11.138506163886875,20.833333333333332,2.9500131105731624,1.0384658524944914,-0.20753273518873008,0.7475635696250633,-19.92314257811809,26.653781143490935,-73.34621885650907,84.25311731935554,NO,1.0 bps round trip
A+ v2 ROBUST 3.0R,V3 A+ v2,93,10.790427846265409,20.43010752688172,2.8540977158674896,1.0297380659982536,-0.23626623959557472,0.7116459002441567,-21.97276028238845,25.10292075757686,-74.89707924242313,84.7006931009882,NO,1.0 bps round trip
A+ v2 FREQ16 3.0R,V3 A+ v2,96,11.138506163886875,21.875,2.6292915830573795,1.0382387240218296,-0.2359664693482526,0.7090870589032154,-22.65278105743225,24.204065772953577,-75.79593422704643,87.12978198132558,NO,1.0 bps round trip
A+ APLUS_CORE FULL_3R,V3 A+ v1,90,10.442349528643945,20.0,2.7697302702644637,1.0411886160431787,-0.2790048387816502,0.6650404709547846,-25.110435490348518,21.867043537481408,-78.13295646251859,83.43152706718547,NO,1.0 bps round trip
A+ FREQUENCY FULL_3R,V3 A+ v1,110,12.762871646120377,21.818181818181817,2.6661958656209115,1.0487398944384636,-0.22822986112054267,0.7178216909672283,-25.105284723259693,20.576099508190076,-79.42390049180992,82.58115329212887,NO,1.0 bps round trip
